3798,o
2303,a
2056,que
1895,de
1457,e
924,n
832,se
721,da
712,me
695,do
588,um
584,d
574,eu
549,com
477,os
458,uma
454,em
433,as
393,lhe
391,para
348,s
313,por
311,meu
306,minha
298,no
286,ao
283,como
270,na
236,m
234,ella
231,mais
216,era
213,sua
195,seu
195,dos
190,das
186,es
172,disse
150,leocadia
148,mulher
145,ser
144,elle
143,v
139,pai
131,p
129,vasco
126,ra
126,casa
124,quando
124,cora
123,muito
120,mas
117,te
116,ou
114,l
112,r
108,foi
105,amigo
103,porque
101,filha
98,sem
98,est
97,j
95,nos
94,homem
93,c
92,ainda
91,senhora
90,estava
90,amor
86,i
85,ha
85,depois
84,t
80,olhos
77,bem
76,snr
76,esta
75,quem
75,onde
75,dizer
75,aos
74,mim
74,alma
73,tinha
71,f
69,este
68,tu
68,tem
67,filho
67,castro
67,bento
66,vida
66,ent
65,at
64,sempre
63,sei
63,annos
62,coronel
60,tudo
60,teu
60,entre
60,aqui
59,senhor
59,pois
58,hermenigilda
57,tempo
57,nem
57,deus
56,ter
56,nas
56,isso
56,dia
54,sobre
54,pela
54,janella
54,duas
53,noite
53,isto
52,todos
52,quanto
52,preto
52,palavras
52,hoje
51,vi
51,sim
51,ar
50,pouco
50,jo
49,pelo
48,proen
48,pantale
48,meus
48,grande
48,diz
47,fez
46,vicencia
46,exc
45,assim
44,tenho
44,suas
44,ahi
43,nada
43,horas
42,sou
42,saber
42,quarto
42,aquella
42,agora
41,tua
41,queria
41,irm
40,seus
40,esse
39,tres
39,outra
39,fui
39,carta
38,tambem
38,sahiu
38,pobre
38,nunca
38,essa
38,cabe
37,vai
37,raz
37,francisco
36,mulheres
36,eram
35,todas
35,menina
35,lagrimas
35,fim
35,dous
35,cousa
35,bra
35,alli
34,vos
34,viu
34,sabe
34,mesmo
34,marido
34,fallar
34,espirito
34,desgra
34,dar
33,vez
33,romance
33,quer
33,primeiro
33,posso
33,outro
33,menos
33,faz
32,tal
32,quero
32,qual
32,porta
32,parece
32,leitor
32,hora
32,felismina
32,certo
32,apenas
31,seria
31,modo
31,maria
31,dias
31,aquelle
30,vezes
30,podia
30,mal
30,antes
29,morte
29,luz
29,historia
29,desde
29,criada
28,mundo
28,mar
28,estas
27,primeira
26,palavra
26,ora
26,nome
26,muitas
26,minhas
26,logo
26,id
26,entrou
26,diante
25,parecia
25,paix
25,melhor
25,manh
25,havia
25,fiz
25,deu
25,boa
24,quinta
24,outras
24,foz
24,elles
24,alguns
23,vontade
23,toda
23,tanto
23,quiz
23,parte
23,outros
23,hei
23,fazer
23,casamento
22,virtude
22,verdade
22,velha
22,sangue
22,estou
22,diga
22,ambos
21,voz
21,versos
21,thereza
21,seio
21,quasi
21,padre
21,madrasta
21,ir
21,grandes
21,face
21,esperan
21,desta
20,vou
20,trinta
20,tarde
20,seja
20,pelos
20,lan
20,labios
20,cousas
20,casar
20,cara
20,bom
20,amarante
20,algumas
19,veio
19,silencio
19,respondeu
19,natureza
19,morrer
19,moral
19,honra
19,gente
19,familia
19,corpo
19,caso
19,amar
19,ama
19,ado
19,ada
18,vem
18,triste
18,quatro
18,pude
18,primo
18,pelas
18,mafalda
18,lh
18,instante
18,infeliz
18,ia
18,fosse
18,foram
18,deve
18,deste
18,cinco
18,chorar
18,alguma
17,visto
17,terra
17,seguinte
17,respeito
17,poncia
17,pergunta
17,nosso
17,meia
17,lhes
17,junior
17,fa
17,estar
17,dizia
17,devia
17,contra
17,animo
16,todo
16,tive
16,qualquer
16,possivel
16,peito
16,ouvi
16,olhar
16,nossa
16,neste
16,morreu
16,momento
16,mo
16,lua
16,for
16,feliz
16,feito
16,dir
16,digo
16,debaixo
16,crian
16,commigo
16,come
16,ch
16,av
16,anjo
15,vira
15,vinha
15,vamos
15,ti
15,si
15,senti
15,perguntou
15,pedir
15,oito
15,nove
15,maior
15,livro
15,futuro
15,fazia
15,estes
15,entrei
15,dizem
15,dinheiro
15,devo
15,dava
15,capitulo
14,tornou
14,sege
14,saudade
14,santa
14,sala
14,preciso
14,porto
14,poesia
14,poder
14,pastelleiro
14,passos
14,oh
14,ninguem
14,mezes
14,homens
14,fronte
14,entrar
14,anjos
13,vir
13,vinte
13,tinham
13,teve
13,sociedade
13,segundo
13,queres
13,prima
13,posi
13,poeta
13,poderia
13,pequena
13,passo
13,necessario
13,namoro
13,mesma
13,lisboa
13,hia
13,gosto
13,fidalgo
13,felicidade
13,estylo
13,esposa
13,disseram
13,dentro
13,deixou
13,conhece
13,conhe
13,cama
13,alegria
12,villa
12,ver
12,solu
12,sentar
12,sahir
12,sabia
12,rosto
12,rico
12,quarenta
12,procurar
12,pe
12,novo
12,nossos
12,noites
12,nesse
12,muitos
12,mil
12,levou
12,len
12,gervasio
12,existencia
12,essas
12,esperava
12,direito
12,branco
12,arte
12,appareceu
12,alto
12,algum
12,alguem
11,viver
11,viera
11,vendo
11,velho
11,uns
11,umas
11,tia
11,tens
11,signal
11,segredo
11,responder
11,reputa
11,rei
11,rapaz
11,portugal
11,pinhal
11,pessoas
11,pessoa
11,pena
11,pareceu
11,ouvir
11,la
11,imagina
11,gra
11,fugir
11,falla
11,exclamou
11,esconder
11,encontrar
11,ellas
11,deixe
11,deixar
11,deixa
11,cuja
11,chamava
11,celorico
11,cavallo
11,causa
11,caseiro
11,cada
11,aquellas
11,abriu
10,vosso
10,via
10,traz
10,tivesse
10,suspeitas
10,sorte
10,sol
10,seis
10,sabes
10,riso
10,resposta
10,respondi
10,replicou
10,rela
10,rapariga
10,quartel
10,prova
10,presen
10,prazer
10,pesco
10,perguntar
10,perd
10,oitavo
10,nariz
10,memoria
10,marqueza
10,marquez
10,maldonado
10,logar
10,leito
10,interrompeu
10,innocente
10,infuzas
10,imagem
10,hontem
10,fundo
10,fiquei
10,fica
10,fazem
10,favor
10,enganado
10,doze
10,desse
10,dei
10,convencer
10,conhecer
10,comer
10,chamou
10,canto
10,cabellos
10,bilhete
10,aquelles
10,amiga
10,almo
10,almas
10,al
10,abra
10,aberta
9,vulto
9,voltou
9,visinha
9,vieram
9,vergonha
9,tuas
9,talvez
9,soube
9,sorriso
9,sitio
9,similhante
9,silveira
9,sete
9,sentir
9,segunda
9,scena
9,sahia
9,sabendo
9,rir
9,recordo
9,receio
9,querida
9,querer
9,primeiras
9,posto
9,perto
9,perguntei
9,pediu
9,pedi
9,pais
9,orelhas
9,ordem
9,opini
9,onze
9,obra
9,noiva
9,militar
9,miguel
9,metade
9,meio
9,materia
9,longo
9,lo
9,linguagem
9,lado
9,innocencia
9,idade
9,general
9,gallego
9,fl
9,fizera
9,filhos
9,estrellas
9,estomago
9,esses
9,esperar
9,espera
9,espectaculo
9,especie
9,escreve
9,encontrei
9,durante
9,diabo
9,dez
9,destino
9,deram
9,depressa
9,creio
9,compaix
9,chaves
9,chama
9,cabo
9,bello
9,bastante
9,banhos
9,baixo
9,atrav
9,ando
9,amante
9,agua
8,vista
8,vis
8,virgem
8,ventura
8,ultima
8,tio
8,terrivel
8,tempos
8,tamanha
8,talento
8,som
8,soffrer
8,sinto
8,sen
8,sciencia
8,sahi
8,sacrificio
8,rua
8,rica
8,resolveu
8,res
8,real
8,quinze
8,querido
8,quantas
8,provincia
8,propria
8,praia
8,podesse
8,philosophia
8,pensamento
8,pedia
8,paz
8,pateo
8,passou
8,passar
8,papel
8,occasi
8,nessa
8,murmurou
8,motivo
8,matar
8,longe
8,li
8,inten
8,haver
8,gloria
8,fuga
8,flores
8,fazendo
8,escrever
8,encontrou
8,dou
8,doente
8,dissesse
8,digno
8,desejo
8,contar
8,certeza
8,caro
8,cadellinha
8,ca
8,boas
8,atten
8,atalhou
8,appellidos
8,antonio
8,ambas
8,adeus
8,ac
7,vivo
7,vivas
7,viva
7,viuvo
7,vinho
7,victima
7,venha
7,vencer
7,unica
7,tomou
7,tomar
7,tendes
7,tanta
7,ta
7,suspeita
7,superior
7,sombra
7,serei
7,senhores
7,scenas
7,sahe
7,ridiculo
7,remorso
7,regi
7,receber
7,quizesse
7,quizer
7,quella
7,queira
7,quaes
7,punhal
7,provar
7,proseguiu
7,procura
7,podem
7,pensava
7,pensar
7,passava
7,orgulho
7,olho
7,noivo
7,negro
7,muita
7,morgado
7,minutos
7,menino
7,mathematicas
7,logica
7,licen
7,liberdade
7,leitores
7,juizo
7,janellas
7,instincto
7,inspira
7,importa
7,illustre
7,humanidade
7,herdeira
7,has
7,h
7,finalmente
7,faria
7,far
7,fallava
7,estupida
7,estrada
7,espada
7,esmola
7,escripto
7,escada
7,enganei
7,encontro
7,embora
7,editor
7,dizendo
7,digna
7,destes
7,desgostos
7,desceu
7,dai
7,curiosidade
7,crime
7,contente
7,contas
7,consciencia
7,cheio
7,chamar
7,chamando
7,chamado
7,caseira
7,casado
7,casada
7,capell
7,capaz
7,cahir
7,ava
7,author
7,anno
7,amigos
7,amava
7,alcan
7,ai
7,abrir
6,z
6,vindo
6,vim
6,vestir
6,velhas
6,veja
6,vaga
6,uso
6,tyranno
6,trabalho
6,tra
6,tornar
6,tios
6,ternura
6,terceiro
6,tenha
6,tantos
6,tantas
6,susto
6,sonhos
6,sonho
6,solemne
6,sogro
6,sobresalto
6,sob
6,sido
6,sentou
6,sentia
6,sendo
6,semblante
6,santo
6,saiba
6,sahira
6,romances
6,rma
6,reflex
6,recebeu
6,realmente
6,ramo
6,queda
6,publico
6,proprio
6,prometto
6,primeiros
6,poucos
6,port
6,poetas
6,poca
6,pedindo
6,parvo
6,paginas
6,ouro
6,oso
6,odio
6,nesta
6,negra
6,natural
6,nascimento
6,mysterio
6,mostrar
6,morro
6,montes
6,mau
6,manda
6,magnetismo
6,levantar
6,lembra
6,leite
6,intestinos
6,inferno
6,infelizes
6,impossivel
6,impeto
6,immediatamente
6,humano
6,humana
6,genero
6,gemido
6,fugiu
6,fran
6,fossem
6,fortuna
6,fonte
6,folhetinistas
6,fizeram
6,ficou
6,ficar
6,fallou
6,fallemos
6,excepto
6,excellente
6,estivesse
6,estavamos
6,estavam
6,estado
6,esperou
6,esfor
6,erguendo
6,entrevista
6,enganar
6,edi
6,dito
6,direita
6,direi
6,dever
6,demorou
6,defronte
6,dado
6,creatura
6,creador
6,cr
6,costas
6,contou
6,continuar
6,contando
6,consequencia
6,confian
6,collegio
6,cincoenta
6,cima
6,cigarro
6,chorava
6,chorando
6,chap
6,certa
6,cerca
6,casou
6,cantar
6,candeias
6,cadella
6,buscar
6,bonita
6,bocca
6,atrai
6,armas
6,apresentar
6,antiga
6,ancia
6,amei
6,amada
6,am
6,admiravel
6,acudiu
6,achou
6,acho
6,achei
6,achava
6,achas
6,acaso
6,acabava
6,acabar
6,aben
5,xiv
5,voss
5,voltaire
5,viuva
5,visita
5,virtuosa
5,viria
5,viram
5,violencia
5,vier
5,viajar
5,vacuo
5,ultimos
5,ultimas
5,tronco
5,tristeza
5,trevas
5,tremulo
5,trazer
5,tom
5,tolo
5,tolices
5,tirar
5,thesouro
5,terror
5,ten
5,teimar
5,systema
5,susteve
5,suffocada
5,subiu
5,sorrindo
5,soltou
5,soldados
5,sepultura
5,sentimento
5,sente
5,sentada
5,sensa
5,seculo
5,salvou
5,sal
5,sabem
5,ro
5,rival
5,ria
5,retracto
5,repliquei
5,remedio
5,recolher
5,recebido
5,recebi
5,raios
5,raio
5,querem
5,quereis
5,quadro
5,puz
5,puro
5,pureza
5,proximo
5,provas
5,pratica
5,portugueza
5,portas
5,ponte
5,poetico
5,podiam
5,poderei
5,podemos
5,planos
5,phrase
5,phantasia
5,peso
5,pertence
5,pernas
5,perna
5,periodo
5,pendeu
5,peda
5,pau
5,patrimonio
5,paternal
5,parou
5,paciencia
5,ouviu
5,olha
5,obstante
5,obrigado
5,nuvem
5,noticia
5,nota
5,nobre
5,nenhum
5,nascer
5,mysteriosa
5,mudan
5,morto
5,mocidade
5,mez
5,mata
5,martyr
5,mania
5,maiores
5,machinalmente
5,lingua
5,lido
5,levar
5,leu
5,ladr
5,justi
5,juramento
5,jogar
5,jantar
5,iria
5,inven
5,instantes
5,immovel
5,imita
5,igreja
5,houve
5,horrivel
5,gritos
5,graves
5,gama
5,g
5,funebre
5,frio
5,frade
5,forte
5,formosa
5,fogo
5,figos
5,felizes
5,febre
5,falle
5,faces
5,experiencia
5,estivera
5,estive
5,espreitar
5,espiritos
5,espero
5,esperei
5,espanto
5,escreviam
5,escrevi
5,entrava
5,entraram
5,enthusiasmo
5,entendo
5,entender
5,entende
5,enteado
5,ensina
5,enfermo
5,embara
5,eloquencia
5,egua
5,effeito
5,duvida
5,dona
5,dizes
5,dissessem
5,destas
5,descredito
5,dera
5,delicias
5,deixei
5,deixando
5,deix
5,davam
5,dama
5,cujo
5,criadas
5,creaturas
5,crean
5,cortar
5,coragem
5,convinha
5,contos
5,conto
5,continua
5,contemplava
5,contei
5,conheci
5,confesso
5,confessar
5,colera
5,coimbra
5,clar
5,chuva
5,cheia
5,cheguei
5,chegou
5,chegar
5,chammas
5,cavalheiro
5,casas
5,casaco
5,casaca
5,carlota
5,careta
5,capote
5,campo
5,caminho
5,cal
5,cahiu
5,cadete
5,cadeira
5,bruto
5,brisa
5,brincadeira
5,bons
5,bonito
5,bellas
5,bella
5,basto
5,balbuciou
5,asneira
5,apparece
5,anterior
5,angustia
5,andava
5,anda
5,amou
5,amores
5,amantes
5,agonia
5,afflic
5,ados
5,acto
5,acrescentou
4,xviii
4,x
4,vozes
4,vossos
4,vossa
4,volumes
4,volume
4,voltei
4,voltando
4,vive
4,viste
4,visse
4,visagem
4,vinham
4,vii
4,viesse
4,vidra
4,veremos
4,verde
4,vejo
4,varanda
4,valha
4,valer
4,ultimo
4,trazia
4,travessa
4,tr
4,tosse
4,tomando
4,tolos
4,todavia
4,titulo
4,tiro
4,teus
4,testemunhas
4,testa
4,terceira
4,teima
4,sustentar
4,surpreza
4,sujeito
4,subtilmente
4,substancia
4,subito
4,sosinha
4,soneto
4,somno
4,soffre
4,sinha
4,sexto
4,servi
4,sentiu
4,sentindo
4,sentei
4,senhoras
4,seminario
4,seguir
4,seguintes
4,segredos
4,saudosa
4,saude
4,saudades
4,salva
4,sacrificios
4,roda
4,riu
4,rias
4,ri
4,rhetorica
4,revolu
4,revela
4,retirou
4,resultado
4,resto
4,resolvido
4,repare
4,relogio
4,religi
4,redarguiu
4,receia
4,recebia
4,raposo
4,raizes
4,raiz
4,raiva
4,rainha
4,radioso
4,quarta
4,quadras
4,purpura
4,providencia
4,prompto
4,prometteu
4,promette
4,profundamente
4,proferir
4,procurei
4,procurava
4,principio
4,precisava
4,precis
4,prazeres
4,prata
4,povos
4,pouca
4,possa
4,pontap
4,pod
4,pinheiros
4,perguntas
4,perfeitamente
4,perdeu
4,peor
4,penso
4,penna
4,pedra
4,pedira
4,pedido
4,pede
4,paterna
4,passear
4,passados
4,passado
4,parentes
4,parente
4,parede
4,pareciam
4,parecer
4,parecem
4,parar
4,palma
4,pallida
4,paiz
4,ouvil
4,ouvidos
4,ouvido
4,oriental
4,org
4,ordens
4,opera
4,offerecimento
4,oceano
4,oando
4,oada
4,nuvens
4,nova
4,nossas
4,ninho
4,nestes
4,nenhuma
4,necessidades
4,nascido
4,murmurei
4,movimento
4,morre
4,moribundo
4,momentos
4,meninos
4,melindre
4,melancolico
4,melancolica
4,meiguice
4,medo
4,medico
4,maravilhas
4,maneiras
4,maneira
4,mandou
4,lugubre
4,longa
4,livre
4,liteira
4,linhas
4,linguas
4,limiar
4,letra
4,lembrou
4,lei
4,latim
4,largas
4,justamente
4,julgar
4,jubilo
4,joelhos
4,jesus
4,jardim
4,involucro
4,intima
4,innocentes
4,ingratid
4,infortunio
4,importante
4,imaginei
4,ilhargas
4,igual
4,hymno
4,humanos
4,horisonte
4,honesto
4,hombro
4,historias
4,hiam
4,herva
4,heroismo
4,heran
4,habilita
4,grupo
4,grito
4,gravidade
4,gorda
4,go
4,genuense
4,genro
4,generosidade
4,gemer
4,gargalhadas
4,fugiram
4,fronteira
4,frente
4,folhagem
4,fizesse
4,figura
4,ferida
4,feias
4,feia
4,fechou
4,fechar
4,fechada
4,fatal
4,farei
4,faltava
4,falta
4,fall
4,facto
4,facil
4,extremo
4,experiente
4,eterna
4,etc
4,estupidamente
4,estranho
4,estatua
4,esquerdo
4,esquerda
4,esposo
4,espiritual
4,esperando
4,escriptos
4,escarlate
4,escandalo
4,escadas
4,erudi
4,ergueu
4,entregue
4,encostou
4,encher
4,ecco
4,doudo
4,doces
4,dissera
4,disser
4,disfar
4,discurso
4,desventura
4,desses
4,desobedecer
4,deshonra
4,descan
4,dentes
4,deixo
4,declaro
4,daria
4,dando
4,custou
4,curar
4,cunha
4,cruel
4,criado
4,crear
4,crea
4,cozinha
4,correspondencia
4,corredor
4,convivencia
4,convento
4,convencido
4,convem
4,continuou
4,contentamento
4,contava
4,conta
4,consta
4,conhecia
4,conheceu
4,conhecem
4,condi
4,commum
4,commovido
4,collo
4,cocoras
4,ciume
4,cirurgi
4,chegado
4,chave
4,ceia
4,cego
4,cedo
4,cavallos
4,causava
4,caseiros
4,casal
4,cartas
4,cantando
4,canellas
4,brincar
4,brilhantes
4,bravura
4,branca
4,braga
4,bradou
4,botas
4,bo
4,bispo
4,beijou
4,beijo
4,bai
4,averigua
4,augusta
4,attitude
4,atraz
4,atirar
4,assistir
4,aspecto
4,arrebatado
4,aristoteles
4,ares
4,ardente
4,apresenta
4,appari
4,apesar
4,angelica
4,andar
4,anciedade
4,amo
4,amea
4,amarguras
4,amado
4,alvoro
4,altar
4,allegoria
4,alcance
4,ah
4,aguardente
4,agradecer
4,afflicta
4,adores
4,acontecimento
4,acompanhal
4,acha
4,acceitar
4,acceita
4,acaba
4,absoluto
4,abbade
4,abaixo
3,zombaria
3,zanga
3,xix
3,vultos
3,vous
3,vomito
3,volta
3,vissem
3,visinho
3,viola
3,vill
3,vigiada
3,victoria
3,vicio
3,vibora
3,vestiu
3,vestido
3,vestida
3,verso
3,vermelho
3,verdades
3,velhos
3,vejam
3,veias
3,varias
3,vanguarda
3,valia
3,vagar
3,vacca
3,uni
3,trov
3,tremula
3,tremendo
3,tregeito
3,travessuras
3,travesseiro
3,torpe
3,tornei
3,toma
3,tola
3,tivessem
3,tiver
3,tirou
3,tirando
3,timidez
3,timbre
3,theatro
3,terriveis
3,teria
3,tendo
3,tencionava
3,teem
3,tedio
3,tecidos
3,tarda
3,tamega
3,tamanho
3,taes
3,syllabas
3,supplica
3,suicidio
3,successo
3,spasmo
3,sonharam
3,solid
3,soldo
3,sobresaltada
3,soberba
3,so
3,situa
3,sinistro
3,singular
3,sinf
3,sincera
3,silenciosa
3,sexos
3,sexo
3,seriedade
3,seriamente
3,seriam
3,sereno
3,serem
3,sentimentos
3,segundos
3,seguiram
3,segue
3,seculos
3,secca
3,saudoso
3,satisfeito
3,saltei
3,salteadores
3,salpic
3,sahiram
3,sagrado
3,sacrifiquei
3,sabio
3,romantico
3,rodeada
3,rmas
3,risos
3,rio
3,retirar
3,responde
3,respirar
3,respeitavel
3,resistencia
3,reprehens
3,reparou
3,renunciar
3,rendimento
3,relva
3,reis
3,redor
3,recuou
3,reconhece
3,recolheu
3,recem
3,receb
3,recado
3,realidade
3,re
3,racional
3,quinto
3,quinteiro
3,quest
3,queriam
3,querendo
3,quelle
3,queixos
3,queijo
3,quantia
3,quadra
3,puras
3,pura
3,pulm
3,pud
3,publica
3,pseudonimo
3,protestando
3,protec
3,progresso
3,problemas
3,privar
3,primogenito
3,preta
3,pre
3,pra
3,pr
3,poucas
3,posta
3,porco
3,poema
3,podes
3,podendo
3,plat
3,pitada
3,pistola
3,philosophico
3,perigosa
3,pergunto
3,perguntando
3,perfume
3,perfida
3,pereira
3,perdida
3,perder
3,perco
3,pequeno
3,pensas
3,pendurar
3,penas
3,pejo
3,peitoril
3,peior
3,patriotismo
3,patria
3,pateta
3,pataratas
3,passeio
3,passei
3,passeava
3,passe
3,passarinhos
3,passaram
3,passando
3,passagem
3,passa
3,pass
3,pasmo
3,pasmado
3,parto
3,particularmente
3,particular
3,partes
3,palerma
3,ousou
3,ouso
3,osso
3,originalidade
3,orelha
3,opulenta
3,onda
3,olhou
3,olhei
3,olhe
3,olhava
3,olhando
3,official
3,officiaes
3,obriga
3,obedecer
3,nupcias
3,novellas
3,notas
3,neto
3,nestas
3,necessarias
3,necessariamente
3,nazal
3,naturalmente
3,mula
3,mudar
3,muda
3,mostrou
3,mortal
3,morreria
3,morrendo
3,morava
3,moralidade
3,montanhas
3,milagre
3,metti
3,mestre
3,meninas
3,men
3,melancia
3,medonha
3,medicina
3,mathematica
3,matem
3,massa
3,mandava
3,mandado
3,malhados
3,maldito
3,maldi
3,magestade
3,maduramente
3,madrugada
3,madeira
3,madame
3,ma
3,lucto
3,lou
3,longos
3,lobrigou
3,livros
3,linda
3,lia
3,leve
3,levado
3,letras
3,lethargo
3,lendo
3,lembro
3,lembre
3,lembrar
3,leitoras
3,leia
3,legitimo
3,legitima
3,legar
3,lavradores
3,lavrador
3,juiz
3,jos
3,joaquina
3,jaqueta
3,ironia
3,inutil
3,interven
3,interrompi
3,interior
3,intelligente
3,instrumento
3,instou
3,injusta
3,informado
3,infancia
3,indiscreta
3,indigest
3,incapaz
3,imprudencia
3,impress
3,imprensa
3,importancia
3,immenso
3,immensa
3,imaginar
3,illus
3,ideal
3,hypothese
3,humanas
3,honrado
3,hombros
3,hespanha
3,heroina
3,haveres
3,habilitar
3,guerra
3,grave
3,gotta
3,gordos
3,gordo
3,goethe
3,glorio
3,globo
3,gera
3,genealogia
3,gemidos
3,geme
3,geito
3,gaguejei
3,fugira
3,fructos
3,fria
3,fresco
3,fraquezas
3,franceza
3,fragmento
3,fortissimas
3,formosura
3,fontes
3,fomos
3,folhas
3,fixou
3,filhas
3,fidalgos
3,fidalga
3,fico
3,ficaram
3,fertil
3,ferro
3,feriu
3,ferido
3,feita
3,fei
3,fechadas
3,faziam
3,familias
3,fallo
3,fallas
3,fada
3,extens
3,express
3,explicar
3,experimentar
3,exemplo
3,exclamando
3,excellentes
3,exacto
3,eterno
3,esvoa
3,estupidez
3,estudar
3,estrella
3,estimulo
3,esteja
3,estando
3,estamos
3,esquecer
3,espa
3,escrivaninha
3,escrevo
3,escreveu
3,escrevera
3,escondeu
3,escolha
3,ergui
3,entregou
3,entrega
3,entra
3,entr
3,entendi
3,enlace
3,encostada
3,encontrando
3,encontr
3,encantador
3,embrulhada
3,eccos
3,eburnea
3,duzia
3,douda
3,dote
3,dormir
3,dom
3,diziam
3,ditos
3,distante
3,disso
3,disputar
3,disposto
3,diria
3,dignos
3,digest
3,dezoito
3,dezenove
3,deviam
3,devem
3,destruir
3,desobediencia
3,desgosto
3,deserto
3,desculpe
3,desconfio
3,desciam
3,descia
3,desc
3,desappareceu
3,des
3,denunciar
3,demora
3,demonio
3,demasiada
3,delle
3,delirio
3,delicto
3,deixava
3,deixaram
3,dedos
3,decadencia
3,data
3,custa
3,curam
3,cura
3,culpa
3,cuidava
3,cuida
3,cruzados
3,cruz
3,crucifixo
3,critico
3,crepusculo
3,creia
3,creada
3,costumes
3,costume
3,costellas
3,cortezia
3,cortejou
3,cordeirinho
3,cordas
3,conversa
3,conveniencias
3,conv
3,contrasenso
3,contrario
3,consola
3,consentir
3,consegui
3,conhecimento
3,conheces
3,confiss
3,comsigo
3,comprehendeu
3,companhia
3,comnosco
3,comendo
3,colloquio
3,coberta
3,co
3,claro
3,choro
3,chimeras
3,cheiro
3,chame
3,chamam
3,centro
3,cento
3,celebre
3,celebrada
3,ce
3,cavallaria
3,castello
3,casei
3,carros
3,carreiros
3,carne
3,carlos
3,caretas
3,caras
3,carapinha
3,caprichos
3,capitulos
3,capital
3,candida
3,camarote
3,cam
3,calhandra
3,calafrios
3,caf
3,bruta
3,brios
3,brincava
3,brazil
3,bravo
3,brancos
3,bochechas
3,bocado
3,bico
3,bernardo
3,beresford
3,benzer
3,bens
3,bellezas
3,beira
3,bei
3,bebendo
3,basta
3,banca
3,balsamico
3,baixa
3,b
3,azas
3,avam
3,aurora
3,auge
3,attribulada
3,assustada
3,assumpto
3,arvore
3,artigos
3,artigo
3,arquejante
3,ardor
3,arco
3,aram
3,aquillo
3,aproxima
3,apresentado
3,aprender
3,appellido
3,apparecer
3,apertou
3,anneis
3,angustias
3,amoroso
3,amarem
3,amanhar
3,amando
3,amalia
3,amaldi
3,alturas
3,alta
3,ali
3,algod
3,aleij
3,alegres
3,aldeia
3,aguiar
3,aguas
3,agosto
3,affirmar
3,affei
3,adolescencia
3,admira
3,adamente
3,acima
3,accusa
3,accordo
3,accesas
3,acabou
3,abysmo
3,abertos
2,za
2,y
2,xvii
2,xvi
2,xv
2,xiii
2,xii
2,xi
2,werther
2,vulgo
2,vulgar
2,voto
2,vontades
2,voltar
2,voltada
2,vivia
2,viuvez
2,vistas
2,visos
2,visitava
2,visitar
2,virtudes
2,virgula
2,virginal
2,vinculos
2,vimos
2,vimol
2,vilipendiado
2,viii
2,vigor
2,vigilias
2,vigesima
2,vieste
2,victimas
2,vicios
2,viam
2,vestiram
2,vesti
2,vestes
2,veria
2,verdugo
2,verdadeiro
2,verdadeiramente
2,vens
2,venerando
2,venera
2,vencido
2,venceu
2,vencendo
2,vencel
2,veia
2,vehemente
2,veado
2,vassoura
2,vasio
2,variedade
2,valvulas
2,valor
2,vallongo
2,valeu
2,valente
2,valem
2,vaidade
2,vagas
2,usura
2,urraca
2,universo
2,unir
2,unicos
2,unico
2,tyrannia
2,typos
2,typographia
2,typo
2,tympano
2,trouxe
2,trocavas
2,troca
2,triumpho
2,tristes
2,trezentos
2,tremulas
2,tremer
2,tregeitar
2,transpirei
2,tranquillo
2,tranquillamente
2,tranquilla
2,trancoso
2,tragedia
2,traduzo
2,tractar
2,trabalhos
2,torturas
2,tornava
2,tornasse
2,tonta
2,tons
2,tomei
2,tolice
2,tolhe
2,toleima
2,tocada
2,toca
2,toada
2,to
2,tiveram
2,tivera
2,tirava
2,tiras
2,tinhamos
2,timido
2,timida
2,throno
2,tez
2,texto
2,terreno
2,termo
2,teremos
2,terem
2,tentativa
2,tentar
2,tenta
2,tempestades
2,tempestade
2,temos
2,tartamudeou
2,tardes
2,tanque
2,sympathias
2,sustenta
2,suspirar
2,suspensa
2,susceptibilidade
2,surras
2,surpresa
2,supplementar
2,superiores
2,suor
2,sumiu
2,sujo
2,suicida
2,suffocante
2,sufficientemente
2,succumbiu
2,succulentas
2,successivamente
2,suburbios
2,subtil
2,sublime
2,subitamente
2,subita
2,subir
2,subamos
2,suave
2,ste
2,sse
2,soy
2,soubesse
2,souberam
2,soubera
2,sorver
2,sorriu
2,sopas
2,sopapo
2,sons
2,sonoro
2,sonhava
2,sonhado
2,solteiro
2,soletrar
2,solemnidade
2,soffro
2,soffrivel
2,soffrimento
2,soffri
2,social
2,sociaes
2,sobrado
2,sobe
2,sitios
2,sisudos
2,sirvo
2,sinho
2,sinete
2,sineta
2,sincero
2,simplicidade
2,simples
2,simonte
2,significa
2,shakspeare
2,setimo
2,servem
2,serio
2,serie
2,seres
2,sequer
2,sentira
2,sentido
2,sentidas
2,sentado
2,senta
2,senhoril
2,seneca
2,semicupios
2,semanas
2,semana
2,sellar
2,sejamos
2,sejam
2,segura
2,segundas
2,seguiu
2,seguisse
2,seccos
2,scismando
2,scintillantes
2,satisfa
2,satanica
2,sapato
2,santos
2,santas
2,sans
2,salvo
2,salvar
2,saltou
2,saibam
2,sahisse
2,sahindo
2,sahido
2,sahida
2,sahiam
2,sacrifique
2,sacrificar
2,sacou
2,sacerdote
2,sabor
2,rumorejava
2,rumor
2,ruido
2,rte
2,rouxinol
2,rousseau
2,rosa
2,romanzeira
2,romanticismo
2,romantica
2,romanos
2,romancista
2,rogar
2,risco
2,risadas
2,rindo
2,ridiculos
2,ricos
2,revoltosos
2,reviveram
2,revia
2,retrocedi
2,retirei
2,retir
2,resvalou
2,resuscitar
2,resurrei
2,respondes
2,respirava
2,respira
2,respeitaveis
2,resonar
2,resolvi
2,resolv
2,resgate
2,reserva
2,resentimento
2,repugnancia
2,repetiu
2,repentina
2,repente
2,repara
2,rendez
2,remontava
2,rem
2,relance
2,relampagos
2,relampago
2,reguengo
2,regra
2,regimento
2,rega
2,refregas
2,refojos
2,reflexo
2,reduziu
2,redondamente
2,redargui
2,recusa
2,recursos
2,recurso
2,recrudesceu
2,recordando
2,reconheci
2,reconhe
2,recolho
2,recolha
2,reclus
2,reciprocamente
2,receoso
2,receita
2,receios
2,receava
2,rebeldes
2,realidades
2,rasgo
2,rara
2,rapazes
2,ranhados
2,ranger
2,ralado
2,quizera
2,quintilliano
2,queridas
2,quelles
2,queixou
2,quebrar
2,quantos
2,pundonoroso
2,pulo
2,pueril
2,proximos
2,provoca
2,provinciano
2,providencial
2,provado
2,prosegui
2,prorompeu
2,propriedade
2,proposito
2,propicia
2,prometti
2,promettes
2,promettendo
2,projecto
2,progressos
2,programma
2,produz
2,procurou
2,procuro
2,procuravam
2,procuram
2,pris
2,principiou
2,principios
2,principiei
2,principiantes
2,primos
2,primas
2,pretexto
2,prestigio
2,prestante
2,pressa
2,press
2,presente
2,presenceando
2,preparo
2,prego
2,precoce
2,precisas
2,precisamente
2,precisa
2,precipitado
2,praticar
2,pranto
2,pranchada
2,prado
2,poz
2,povo
2,postura
2,posteridade
2,postas
2,possas
2,portuguez
2,portal
2,ponto
2,ponta
2,pondo
2,poente
2,poderes
2,podeis
2,po
2,plano
2,pipas
2,pios
2,pio
2,pintando
2,pinho
2,pinheiro
2,pinhaes
2,pieguice
2,piegas
2,pia
2,physiologia
2,phrases
2,phocion
2,philosophos
2,philosopho
2,philosophicas
2,phantastica
2,pesar
2,pertinaz
2,persuasivo
2,persuadir
2,persuadido
2,perplexo
2,perplexidade
2,perpetua
2,permaneci
2,perigoso
2,perguntava
2,perfidia
2,perfeita
2,perfei
2,perde
2,perca
2,perante
2,pequenino
2,pequeninas
2,pequenas
2,pensei
2,pensado
2,penitencia
2,penedo
2,pendura
2,pegar
2,pedirei
2,pedil
2,peccados
2,paulo
2,patr
2,patim
2,patente
2,passada
2,partiu
2,parteira
2,parochial
2,parenthesis
2,parentescos
2,parei
2,pareceram
2,parec
2,pararam
2,paragem
2,parabens
2,par
2,palpebras
2,palheiro
2,pagando
2,paga
2,ovos
2,ouvirem
2,ouvira
2,ouviam
2,ouvia
2,ouve
2,othello
2,osinho
2,ornamentos
2,ornamento
2,original
2,ordena
2,or
2,oleo
2,oitava
2,oila
2,officio
2,offereci
2,offerecendo
2,oei
2,ocioso
2,occorria
2,occeano
2,observa
2,obras
2,objectos
2,obediencia
2,obedeceu
2,obede
2,oar
2,oado
2,nutri
2,nutre
2,nupcial
2,numerosos
2,nuas
2,novidade
2,novas
2,noticiando
2,notavel
2,norte
2,nortadas
2,nortada
2,nomes
2,nol
2,nocturnas
2,nocturna
2,nobres
2,nervos
2,neptuno
2,negros
2,nedio
2,nasceu
2,nascente
2,namoros
2,mysterioso
2,mysterios
2,musica
2,musa
2,murtas
2,murmurio
2,murmurando
2,murmura
2,mundos
2,mude
2,moveu
2,mostrava
2,mostra
2,mortas
2,morta
2,morrido
2,morr
2,morgada
2,moralmente
2,moraes
2,monte
2,montar
2,monta
2,monarchia
2,molhado
2,modos
2,modernos
2,mod
2,mixtas
2,miudezas
2,misericordia
2,miserias
2,miseraveis
2,mis
2,minho
2,mimosa
2,mette
2,methodo
2,mestras
2,mestra
2,merinaque
2,merecer
2,merc
2,mera
2,mentir
2,mente
2,mentalmente
2,menores
2,menor
2,melindroso
2,melhores
2,melhoramentos
2,melancolicamente
2,melancolia
2,meiga
2,medonho
2,meditando
2,mediocre
2,maus
2,material
2,marroquim
2,marmore
2,maridos
2,margens
2,marca
2,maravilhoso
2,maravilhosa
2,maravilhado
2,manual
2,manter
2,manos
2,mangar
2,mandaram
2,mandar
2,mand
2,mancha
2,mancebos
2,mancebo
2,malvado
2,maldonados
2,magnetica
2,magicas
2,magestoso
2,luzes
2,luxo
2,luminosos
2,lucta
2,lucidez
2,lucidas
2,loucura
2,louca
2,lordello
2,longinqua
2,loja
2,logra
2,local
2,lobo
2,litteratura
2,litteratos
2,linhagem
2,linha
2,lindas
2,limpida
2,limpeza
2,limpar
2,limbos
2,ligeiros
2,ligeiramente
2,liga
2,lida
2,liberdades
2,levei
2,levava
2,levantei
2,leva
2,lesto
2,lentamente
2,lembrei
2,leituras
2,leis
2,le
2,largo
2,lances
2,lancei
2,lance
2,lamuriante
2,lampada
2,laia
2,lagrimosa
2,lagrima
2,lagar
2,karr
2,jurar
2,junto
2,julgal
2,juizinho
2,jornaes
2,jorge
2,joelho
2,joanete
2,jeanne
2,janeiro
2,ix
2,iv
2,irremediavel
2,inventou
2,intuito
2,introito
2,intrepido
2,intrepidez
2,intimo
2,intestino
2,intervallos
2,interroga
2,interjei
2,intelligencia
2,instei
2,instancia
2,inspirava
2,insomnia
2,inseparavel
2,injuriado
2,iniciada
2,ingrato
2,inglezes
2,ingleza
2,inglez
2,informa
2,infiro
2,infinito
2,infernal
2,inferiores
2,infelicidade
2,indole
2,indignas
2,indifferente
2,india
2,indemnisar
2,inda
2,incrivel
2,incessante
2,in
2,improviso
2,impoz
2,importunos
2,importava
2,importantes
2,impetos
2,impertinentes
2,immoveis
2,immaculada
2,illustres
2,illuminou
2,iii
2,ii
2,igrejas
2,ignorava
2,ignobil
2,idolo
2,ido
2,idiotismo
2,idealismo
2,idealisa
2,ida
2,humildade
2,houvera
2,honestos
2,hoffmann
2,hieis
2,hesitou
2,herpes
2,heroinas
2,heroe
2,herdeiros
2,haviam
2,havemos
2,harmonias
2,harmonia
2,hahnemann
2,habito
2,guizos
2,guizo
2,guindaste
2,guerrilhas
2,guarda
2,gruta
2,gremio
2,grato
2,grandioso
2,governador
2,gostar
2,gonhedo
2,gomes
2,gigante
2,gesto
2,geral
2,gentil
2,genlis
2,generosa
2,genealogico
2,genealogica
2,gemente
2,gazetas
2,gazeta
2,gaz
2,gatimanhos
2,garrafa
2,garganta
2,ganhar
2,gamas
2,gallinhas
2,gaivotas
2,gaiola
2,furor
2,funebres
2,func
2,fumo
2,fugitivos
2,fugitiva
2,fugida
2,frouxo
2,frouxa
2,frieza
2,fresta
2,fraqueza
2,franzindo
2,franqueza
2,fralda
2,fraga
2,frades
2,fraca
2,fortunata
2,fortes
2,formei
2,formava
2,formatura
2,fontinha
2,fome
2,flor
2,fizeste
2,fizeres
2,fitou
2,fitos
2,fitava
2,fitando
2,firme
2,fio
2,fino
2,final
2,filial
2,figa
2,fiel
2,fieis
2,ficava
2,ficas
2,fezes
2,feminino
2,felizmente
2,fel
2,feitos
2,feitas
2,feira
2,feij
2,febris
2,fealdade
2,favas
2,familiaridade
2,faltam
2,fallavam
2,fallaremos
2,fallaram
2,fallando
2,faias
2,fadario
2,fadado
2,extremidades
2,extremidade
2,extremamente
2,extraordinario
2,extraordinaria
2,extasis
2,explico
2,explica
2,expia
2,experimentei
2,experimentado
2,expans
2,exp
2,exito
2,exemplos
2,europa
2,ether
2,eternas
2,et
2,esturrinho
2,estupidas
2,estupefacto
2,estudos
2,estudei
2,estremeceu
2,estrategia
2,estragado
2,estio
2,estimo
2,esthetica
2,esteve
2,estendia
2,estatutos
2,esprigui
2,espreitava
2,espontaneamente
2,espirituaes
2,espinho
2,espinha
2,especies
2,especialidade
2,espadua
2,escutei
2,escuta
2,escureceu
2,escudeiro
2,escrupuloso
2,escriptas
2,escripta
2,escrev
2,escravo
2,escrava
2,escondidas
2,escondendo
2,escaramu
2,escaninhos
2,escandalosa
2,escamas
2,esc
2,ermo
2,erma
2,erguer
2,eras
2,epicteto
2,enxugando
2,entrego
2,entrada
2,entona
2,entendido
2,entendiam
2,entendeu
2,entenderam
2,entenda
2,enteada
2,ensejo
2,enormes
2,enorme
2,enganal
2,enfiada
2,enfermidades
2,energia
2,endeixas
2,encurtar
2,encostado
2,encontrado
2,enche
2,encarar
2,encantadora
2,en
2,empreza
2,emprestimo
2,empregou
2,elogios
2,elevado
2,elei
2,elegante
2,educar
2,educa
2,ecclesiastica
2,duzias
2,duvidosa
2,dura
2,dulcissimas
2,doutrina
2,douro
2,dorso
2,dores
2,dono
2,dominio
2,domesticos
2,domestica
2,dolorosa
2,documentos
2,docilidade
2,docil
2,dobrou
2,divaga
2,ditoso
2,dita
2,distinguir
2,distincto
2,dissimulava
2,disserta
2,dispensas
2,disfarce
2,direitos
2,directa
2,diplomas
2,diligencias
2,dignou
2,diabolica
2,dezesete
2,deveres
2,deveis
2,detraz
2,dessas
2,dessa
2,despotico
2,despiu
2,despejo
2,despeda
2,desmaio
2,desmaiadas
2,deslealdade
2,desinquieta
2,desfecho
2,desfalleci
2,desesperada
2,desenlace
2,desenganos
2,deseja
2,descrip
2,desconhecidas
2,descobrir
2,descer
2,descendo
2,descendia
2,descautella
2,desatinos
2,desastrado
2,desanimada
2,desalento
2,desaire
2,desagrado
2,desafogar
2,derrota
2,der
2,deputado
2,denunciava
2,denominavam
2,demorei
2,demorava
2,della
2,delicadeza
2,delicadas
2,deixavam
2,deixasse
2,deitar
2,defunta
2,definitivamente
2,defenda
2,decoro
2,decidir
2,debil
2,dan
2,custavam
2,curto
2,curioso
2,cupido
2,cumprimento
2,cumpria
2,cujos
2,cujas
2,cuidei
2,cuidavam
2,cuidas
2,cuidando
2,cuidam
2,cruelmente
2,critica
2,crer
2,crepe
2,creiam
2,creadora
2,cre
2,cotovellos
2,costumava
2,cos
2,corto
2,cortejo
2,corta
2,corresponder
2,correr
2,correcta
2,corporeas
2,corda
2,convite
2,convincente
2,conversando
2,convalescen
2,contrarias
2,contracto
2,continuo
2,continuava
2,continha
2,contemplativo
2,contempla
2,conte
2,contal
2,consultar
2,constitui
2,constipa
2,constava
2,constantemente
2,consorcio
2,considera
2,conservo
2,conserva
2,consequencias
2,conselhos
2,conselho
2,conseguia
2,consegue
2,conjecturas
2,conhecimentos
2,conhecesse
2,conforme
2,confidente
2,confidencia
2,confessor
2,confessa
2,conduziu
2,condigna
2,conde
2,cond
2,conceber
2,comtudo
2,comtigo
2,comprehendidas
2,comprehende
2,composta
2,completar
2,completa
2,compassivo
2,comparavel
2,commovida
2,commo
2,commendador
2,comitiva
2,coma
2,collocar
2,collinas
2,collares
2,colch
2,coitadinha
2,cobrou
2,cobriu
2,cobrei
2,cobertor
2,coberto
2,coar
2,cleopatra
2,clara
2,civilidade
2,circumstancias
2,cidade
2,chumbo
2,christo
2,christ
2,chore
2,choras
2,chora
2,chegava
2,chega
2,charcos
2,chapelleiro
2,chamavam
2,chaga
2,certesa
2,certas
2,cerraram
2,cernelha
2,celestes
2,celeste
2,celebrado
2,cegueiras
2,cco
2,cavo
2,cavatina
2,cavalleiro
2,causticos
2,causou
2,catastrophe
2,cata
2,castorina
2,castigo
2,casta
2,casos
2,casinha
2,casebres
2,casasse
2,casares
2,casando
2,casamentos
2,carvalho
2,carro
2,carreira
2,carqueja
2,carmim
2,carinho
2,caracteres
2,caracter
2,captiveiro
2,capit
2,capella
2,capacidade
2,cantada
2,canavezes
2,canap
2,campolide
2,campa
2,camillo
2,calou
2,calcanhares
2,calara
2,cala
2,caixeiro
2,caixa
2,caimbras
2,cahira
2,cahida
2,cahiam
2,cahem
2,cadaver
2,cabras
2,cabisbaixa
2,cabide
2,cabeceiras
2,cabeceira
2,byron
2,buli
2,buela
2,bruxa
2,brux
2,brites
2,brioso
2,brinquedos
2,brilhante
2,brevemente
2,breve
2,bregeiro
2,brandamente
2,bragan
2,boticario
2,bota
2,borra
2,borlas
2,bonitos
2,bondade
2,bon
2,bolso
2,biographia
2,bigode
2,berros
2,benevolencia
2,bemaventuran
2,beijar
2,bebi
2,beba
2,be
2,bateu
2,bater
2,batata
2,batalhas
2,bastarda
2,barro
2,barril
2,barrete
2,barraca
2,barca
2,barbaros
2,barba
2,bar
2,banho
2,banda
2,banco
2,bailes
2,baile
2,bacamarte
2,azul
2,azeviche
2,azado
2,avisinhei
2,aves
2,averiguadores
2,aventura
2,aventar
2,avalia
2,auxilio
2,auxiliar
2,attribulado
2,attender
2,atrevimento
2,atravessava
2,atordoado
2,atmosphera
2,atirou
2,atinar
2,aterrado
2,atalhei
2,asylo
2,assuste
2,assombrada
2,assobia
2,asseverar
2,assentar
2,asneiras
2,arvores
2,articular
2,arthur
2,arrepella
2,arreme
2,arrebatada
2,arranjar
2,arrancou
2,aria
2,aresta
2,arem
2,archanjo
2,arc
2,aquecer
2,aque
2,aproximando
2,apressar
2,aprende
2,appareciam
2,apparecia
2,apostar
2,apoiada
2,apertando
2,aperta
2,apanha
2,aonde
2,antiguidade
2,antigo
2,anteriores
2,anna
2,animou
2,animal
2,animaes
2,anias
2,aneurisma
2,anedoctas
2,andrajos
2,andrade
2,andou
2,ande
2,andam
2,ancias
2,anatomia
2,amisade
2,amigas
2,amasse
2,amargura
2,amargo
2,amargamente
2,amarellas
2,amarella
2,amanh
2,alvares
2,alugou
2,altivez
2,althea
2,alphonse
2,alpes
2,alongando
2,almeida
2,allegorico
2,alho
2,algibeiras
2,algas
2,alferes
2,alecrim
2,ald
2,ajudar
2,ajoelhou
2,ajoelhar
2,agulha
2,aguado
2,aguadeiro
2,agrado
2,agradavel
2,agouros
2,agonias
2,affronta
2,affirmativo
2,affectuosamente
2,affavelmente
2,af
2,aerio
2,adormecer
2,adorar
2,adora
2,ador
2,admirar
2,adiante
2,adas
2,ad
2,actos
2,acrescentando
2,acontece
2,aconselhar
2,acompanh
2,acolhimento
2,achaque
2,acertado
2,acenos
2,aceito
2,acceitou
2,acceitava
2,acanhado
2,acabem
2,acabe
2,acab
2,abysmos
2,absyntho
2,absoluta
2,abrindo
2,abrange
2,aborrecida
2,aberto
2,abandonada
2,abafada
2,aba
1,zumbido
1,zoologicamente
1,zombeteiros
1,zombeteiro
1,zombe
1,zombava
1,zes
1,zero
1,zelo
1,zebelina
1,zarolhos
1,zarolho
1,zango
1,zangar
1,zagalas
1,xx
1,xaropes
1,xadrez
1,wieland
1,wellington
1,vulgarmente
1,vulgares
1,vulcanico
1,vozear
1,votos
1,vossas
1,voou
1,volver
1,voluvel
1,voluptuoso
1,voluptuosidades
1,voluptuosa
1,volupia
1,voluntariamente
1,voltear
1,voltava
1,voltarem
1,voltadas
1,volateis
1,voejou
1,voejava
1,vociferando
1,vocemece
1,vocabulario
1,voava
1,vivre
1,vivissimas
1,viviam
1,vivi
1,viveu
1,vivesse
1,vives
1,vivendo
1,vivemos
1,vivem
1,vivamente
1,vitellio
1,vistosa
1,vissemos
1,visitado
1,visionarias
1,visionaria
1,visinhos
1,visinhan
1,viscondessa
1,visconde
1,viscera
1,virulento
1,virtualmente
1,virmos
1,virgindade
1,virginaes
1,virgens
1,vires
1,virei
1,virado
1,violentava
1,violentas
1,violenta
1,viole
1,violante
1,vio
1,vingativo
1,vingasse
1,vingar
1,vingada
1,vindos
1,vindima
1,vindes
1,vinda
1,vinculo
1,vinculada
1,villarinho
1,villar
1,vilipendioso
1,vilipendio
1,vilhenas
1,vil
1,vigilante
1,vigentes
1,viemos
1,viella
1,viegas
1,vidros
1,vicissitudes
1,vibrou
1,vibrarem
1,vianna
1,viajantes
1,viajante
1,viaj
1,viagem
1,vexa
1,vestindo
1,veste
1,vertiginosos
1,vertiginoso
1,vertiginosas
1,vertigem
1,vertia
1,verterei
1,vertebras
1,verrugoso
1,verosimilhan
1,vernaculo
1,vermelhos
1,vermelhas
1,vermelha
1,verme
1,veries
1,vergou
1,vergonteas
1,vergando
1,vereis
1,verei
1,verdete
1,verdes
1,verdeja
1,verdadeiras
1,verbo
1,verbi
1,verba
1,venturoso
1,venturosa
1,ventre
1,venerandos
1,venerador
1,venenosas
1,veneno
1,vendilh
1,vendida
1,vendi
1,vendeu
1,vendessem
1,vendera
1,vendem
1,venci
1,venceram
1,venal
1,velozes
1,velludo
1,velhissimo
1,velharia
1,velhaca
1,velava
1,velada
1,vehemencia
1,vegetativa
1,vegetam
1,vegetal
1,veem
1,vaticinava
1,vassalos
1,vassallos
1,vassallo
1,vasos
1,vasia
1,vasconcellos
1,vascolejar
1,vas
1,varzeas
1,varrer
1,varios
1,variado
1,variadas
1,varejarem
1,vara
1,var
1,vaporosos
1,vaporoso
1,vapor
1,vantajosos
1,vantagens
1,vamba
1,valvula
1,valles
1,valioso
1,valho
1,valham
1,valentia
1,vagaroso
1,vagarosamente
1,vaes
1,vacillou
1,vacillei
1,vacillante
1,uvas
1,utriusque
1,utilissimo
1,utilidade
1,utero
1,usurario
1,usual
1,usu
1,usava
1,usadas
1,us
1,urze
1,urros
1,urnas
1,urgentissimo
1,urco
1,urbano
1,uras
1,ura
1,unto
1,universidade
1,universal
1,unindo
1,unidades
1,unicamente
1,unc
1,un
1,ultra
1,ultimamente
1,ultimada
1,ulcerosa
1,ui
1,ugolino
1,udanum
1,tysica
1,tyrannos
1,tutor
1,tunica
1,tumultuavam
1,tumulo
1,tumido
1,tumidas
1,tuberculos
1,truta
1,trovejou
1,trovas
1,trovador
1,troquei
1,tropus
1,tropo
1,tropel
1,tropas
1,tropa
1,trombeteava
1,trombeta
1,tromba
1,trom
1,trocavam
1,trocava
1,trocarmos
1,trocar
1,trocadilho
1,trivialissima
1,trivial
1,triumphos
1,triumphar
1,triumphante
1,tristonho
1,tripula
1,trinava
1,trilhou
1,trilho
1,tribula
1,triangulo
1,triagas
1,trespasse
1,tresandar
1,tremuras
1,tremura
1,tremia
1,tremens
1,tremendas
1,tremedal
1,treguas
1,tregeitou
1,tregeitos
1,tregeitando
1,treda
1,trazidos
1,trazem
1,trazeira
1,travesso
1,travesseira
1,travamos
1,trato
1,tratei
1,trate
1,tratava
1,tratar
1,tratante
1,tratado
1,tratadeira
1,traspassasse
1,trasladei
1,trarei
1,traquinaram
1,traquinada
1,trapalhona
1,trapalhice
1,tranzido
1,transpoz
1,transpirar
1,transparente
1,transigires
1,transigir
1,transida
1,transi
1,transfigura
1,transcendencia
1,tranquillisar
1,tranquillidade
1,tranqueira
1,trancada
1,tran
1,tramavas
1,tramar
1,trajar
1,trajando
1,trai
1,trahiu
1,tragos
1,tragico
1,tragica
1,trage
1,traduzidos
1,traduzi
1,tractou
1,tracto
1,tractei
1,tracte
1,tractava
1,tracta
1,tracei
1,trabanca
1,trabalhosa
1,trabalharam
1,toucinho
1,toucadas
1,touca
1,total
1,tossiu
1,tossi
1,tortura
1,torrentes
1,torrente
1,torquato
1,torpor
1,torpissimos
1,torpesas
1,torp
1,torno
1,tornes
1,torneiros
1,torneio
1,tornassem
1,tornando
1,torna
1,tormentos
1,tormento
1,tormentas
1,torcidas
1,torcida
1,torcer
1,topetava
1,tomos
1,tomo
1,tomem
1,tome
1,tomava
1,tomassem
1,tomaram
1,tomam
1,tomal
1,tolhesse
1,tolher
1,tolha
1,tolerar
1,tolerante
1,tolerancias
1,tolerancia
1,told
1,toillette
1,tocou
1,toco
1,tocava
1,tocaram
1,tocar
1,tocante
1,toc
1,tizana
1,titulos
1,titubeava
1,tirei
1,tire
1,tiraram
1,tiram
1,tiral
1,tiradas
1,tira
1,tinto
1,tinoco
1,tingiu
1,timidos
1,tilintar
1,tilias
1,tigellinhas
1,tigella
1,tibullo
1,tibio
1,tibias
1,tib
1,thuribulario
1,thoracica
1,thomaz
1,thimotheo
1,thiago
1,thermometro
1,theorias
1,theofilos
1,theofanius
1,themudos
1,thaumaturgo
1,thalamo
1,textuaes
1,tetrico
1,testemunho
1,testemunhar
1,testemunha
1,testemunh
1,testamento
1,terrina
1,terrea
1,terras
1,terraqueo
1,terno
1,terminou
1,terminavam
1,terminar
1,terminando
1,teriam
1,terei
1,terceiros
1,terceiras
1,tenues
1,tentou
1,tentei
1,tentativas
1,tentaste
1,tentasse
1,tentaram
1,tentado
1,tenorio
1,tenhas
1,tenebrosas
1,tendeiro
1,tenciono
1,tenciona
1,temporamente
1,tempor
1,templo
1,tempestuosos
1,tempera
1,temivel
1,temia
1,temeridade
1,temer
1,tello
1,telhado
1,telet
1,telescopio
1,teixugos
1,teixeira
1,teives
1,teimoso
1,teimosa
1,teimava
1,teimasse
1,tectos
1,tasso
1,tas
1,tartamudeei
1,tartamudeando
1,tarsica
1,tarimba
1,tarifa
1,tardar
1,tapona
1,tapavam
1,tantalo
1,tamancos
1,tamanca
1,tagarella
1,taciturna
1,tabua
1,taboleiro
1,taboinha
1,taboas
1,taboado
1,tabelli
1,tabella
1,synthese
1,synonimos
1,synonimo
1,symptomatologicas
1,symphonia
1,sympathisando
1,sympathicamente
1,sympathica
1,sympathia
1,sylphos
1,susurro
1,sustos
1,sustinha
1,sustido
1,sustentava
1,sustentassem
1,sustentam
1,sustenidos
1,sustendo
1,suspiroso
1,suspiro
1,suspenso
1,suspens
1,suspendeu
1,suspendesse
1,suspender
1,suspeito
1,suspeitaria
1,susceptivel
1,surprehendessem
1,surprehendente
1,surprehende
1,surgiu
1,surgia
1,surdo
1,supra
1,suppuz
1,suppura
1,supposta
1,supposi
1,supportei
1,supportavel
1,supportar
1,supportal
1,suppondo
1,suppomos
1,supplico
1,supplicios
1,supplicante
1,supplicam
1,supplantar
1,supp
1,supita
1,supersti
1,superficie
1,superava
1,superabundancia
1,suou
1,sumo
1,summidade
1,summamente
1,sumida
1,sumi
1,sulphurea
1,sulipa
1,sulfureo
1,sul
1,sujos
1,sujassem
1,suicidou
1,suicido
1,suggerido
1,suggeridas
1,suffocado
1,sudario
1,succumbe
1,successos
1,successivos
1,success
1,succedeu
1,succeder
1,subversivos
1,suburbanas
1,subtilisa
1,substituto
1,substituira
1,substituem
1,substanciosos
1,substancias
1,subsistirem
1,subsistencia
1,subordinadas
1,submissa
1,submetta
1,submerge
1,sublimes
1,subjeitai
1,subjectivos
1,subitaneas
1,subira
1,subiam
1,subia
1,subi
1,subdito
1,sub
1,suavisar
1,suavidade
1,suaves
1,su
1,stygma
1,stelita
1,stael
1,sso
1,ssim
1,ssemos
1,spinosa
1,sphinge
1,souvent
1,sousa
1,souber
1,soturno
1,soturna
1,sorvo
1,sorvia
1,sorveu
1,sorveriam
1,sortilegios
1,sorrisos
1,soror
1,soprava
1,sophismas
1,soph
1,soou
1,sonoras
1,sonora
1,sonhei
1,sonha
1,sondar
1,somnambulo
1,somnambula
1,sombrio
1,sombria
1,solteiros
1,solteironas
1,soltavam
1,soltando
1,solta
1,solo
1,solitaria
1,solidum
1,solemnissimos
1,solemnissimo
1,solemnisei
1,solemnisar
1,solemnisada
1,solemnia
1,soldado
1,soldadesca
1,soir
1,soido
1,sogra
1,soffrimentos
1,soffreu
1,soffreres
1,soffrendo
1,soffrel
1,soffrea
1,soffra
1,soez
1,sodorifero
1,socrates
1,socio
1,soceguei
1,socegado
1,socegada
1,soccorrida
1,sobrinhos
1,sobrinha
1,sobreviveu
1,sobresenho
1,sobresaltado
1,sobresahiu
1,sobresahia
1,sobrecasaca
1,sobranceria
1,sobrancelhas
1,sobranceiras
1,sobranceira
1,sobra
1,sobr
1,soberbos
1,soberbo
1,soberanos
1,soberano
1,soberania
1,soberanamente
1,sobejas
1,soarem
1,soaram
1,soalho
1,situado
1,sinos
1,singelos
1,singelinhos
1,singelas
1,sinceros
1,sinceridade
1,sinceramente
1,sinca
1,sina
1,simultaneamente
1,simplesmente
1,simpl
1,similhan
1,silveiras
1,silvedos
1,silvedo
1,silvava
1,silva
1,silencioso
1,significativa
1,significar
1,signaes
1,sigillo
1,sigamos
1,sibmol
1,sgos
1,sfogato
1,sexta
1,severo
1,severamente
1,settas
1,setima
1,setenta
1,setembro
1,sessenta
1,servos
1,servindo
1,servido
1,serventia
1,serras
1,serra
1,serpentinas
1,serpente
1,serieis
1,serias
1,serenou
1,serenos
1,serenidade
1,serenar
1,seremos
1,seraphim
1,sepulchral
1,separavam
1,separava
1,separaria
1,separar
1,separando
1,separamos
1,sentis
1,sentinella
1,sentil
1,sentidos
1,sentida
1,sentem
1,sentava
1,sentando
1,sensualidade
1,senso
1,sensivelmente
1,sensivel
1,sensiveis
1,sensitiva
1,sensibilidade
1,selvas
1,sel
1,seiva
1,seios
1,seguro
1,seguras
1,segurar
1,segurando
1,seguran
1,seguirem
1,seguindo
1,seguida
1,seguiam
1,seguia
1,segui
1,segredou
1,segredava
1,segredaste
1,segredando
1,segando
1,seduzir
1,seduza
1,seductoras
1,seductoramente
1,seductor
1,seduc
1,sedicioso
1,sede
1,secretario
1,scribe
1,scismei
1,scismavam
1,scismas
1,scismar
1,scismadora
1,scismador
1,scisma
1,scintillava
1,scientifico
1,sciatica
1,sceptro
1,sazonarem
1,savoir
1,sauda
1,saturado
1,satisfez
1,satisfazer
1,satin
1,satellites
1,satanicos
1,sarro
1,sargentos
1,sardanapalo
1,sarcastico
1,sara
1,sapatos
1,santuario
1,santissima
1,santidade
1,sant
1,sanscrito
1,sanguinea
1,sanguinarias
1,sangrenta
1,sangrasse
1,sangra
1,sandices
1,sandice
1,sandia
1,sandeus
1,sandeu
1,sanctuario
1,sanctificarem
1,sanctificado
1,sanccionar
1,sanccionado
1,sanar
1,salve
1,salvava
1,salvas
1,salvadora
1,salvador
1,saltos
1,saltava
1,saltaste
1,saltar
1,saltando
1,saltam
1,salpicou
1,salpicadas
1,salom
1,salgueiro
1,salgadas
1,saldanha
1,salas
1,saiote
1,saibroso
1,saibro
1,saibamos
1,saia
1,sahiriam
1,sahirem
1,sahimos
1,sahidos
1,sagrados
1,sagaz
1,safados
1,sadios
1,sadio
1,sacudir
1,sacudido
1,sacudidellas
1,sacudia
1,sacudi
1,sacrilego
1,sacrificou
1,sacrificarem
1,sacrificado
1,sacrificada
1,sacramentos
1,sacramento
1,sacode
1,sacerdocio
1,sacco
1,saboroso
1,saborear
1,saberia
1,sabereis
1,saberei
1,sabeis
1,sabedores
1,sab
1,rva
1,ruy
1,rustica
1,russia
1,rumorejar
1,ruminando
1,ruim
1,rui
1,rugidos
1,rugas
1,rudimentos
1,rudeza
1,rubra
1,rubor
1,rubicundo
1,rub
1,ruas
1,rto
1,rrulas
1,rquere
1,rpa
1,roupa
1,roup
1,roubou
1,roubar
1,rotundidade
1,rotulos
1,rotulo
1,rotineiro
1,rotineira
1,rosmaninho
1,rosas
1,rosando
1,rosadas
1,ros
1,rompia
1,rompi
1,rompeu
1,romper
1,romeu
1,romeiro
1,romaria
1,romanesca
1,romancistas
1,roma
1,rolinha
1,rolavam
1,rola
1,rogos
1,rogo
1,rogava
1,rodrigues
1,rodopio
1,roderico
1,rodellas
1,rodeios
1,rodeei
1,rodeava
1,rodear
1,rodeam
1,rodeado
1,rodar
1,rocio
1,rochedos
1,rocha
1,robustos
1,robusto
1,robert
1,roast
1,rivaes
1,rispido
1,rispidas
1,risonho
1,risonha
1,risada
1,riquissimos
1,riqueza
1,riquesa
1,rios
1,rimas
1,rimadores
1,rija
1,rigoroso
1,rigor
1,rigidez
1,riem
1,ridiculisal
1,ridiculamente
1,ridicula
1,ricas
1,ribeiro
1,riba
1,riam
1,rheumatismo
1,rga
1,rezende
1,rezemos
1,reze
1,rezasse
1,revolucionario
1,revoam
1,revivera
1,revez
1,revesti
1,revesar
1,reverencia
1,revendo
1,revelo
1,revelarem
1,revelar
1,revelando
1,reunires
1,retumbante
1,retroz
1,retrocedeu
1,retroceder
1,retrato
1,retratista
1,retou
1,retorce
1,retire
1,retirassem
1,retirado
1,retirada
1,retina
1,retido
1,resuscitou
1,resuscitada
1,resumo
1,resultou
1,resultados
1,resulta
1,restolhos
1,restituir
1,restea
1,restaurar
1,restaura
1,restabelecesse
1,ressumar
1,ressaca
1,resquicio
1,responsabilidade
1,respondo
1,respondia
1,respondeste
1,respondesse
1,responderia
1,respondendo
1,responda
1,resplandecer
1,respiratorio
1,respingando
1,respeitosamente
1,respeite
1,respeitava
1,respeitador
1,respeita
1,resolvida
1,resolve
1,resolu
1,resoava
1,resoar
1,resmungando
1,resmung
1,resistiu
1,resistir
1,resiste
1,resignem
1,resignada
1,resgatal
1,resfolegar
1,reservou
1,reservei
1,reservando
1,resentiu
1,resava
1,resando
1,resabem
1,resabe
1,requinte
1,requentado
1,requebros
1,requebrando
1,reputava
1,republica
1,reprovou
1,reproduzir
1,reproduzi
1,reproche
1,reprimir
1,representassem
1,representares
1,representa
1,reprehende
1,repouso
1,repositorios
1,repositorio
1,replicar
1,repetida
1,repeti
1,repelliu
1,repellidos
1,repassarem
1,repartir
1,repartidos
1,reparem
1,reparaveis
1,reparar
1,reparada
1,renunciava
1,rente
1,rentar
1,renegou
1,renegado
1,rendimentos
1,rendilhado
1,rendidos
1,renderiam
1,rende
1,renda
1,remuneradas
1,remotos
1,remoto
1,remediar
1,remediado
1,remedeia
1,remate
1,reluzirem
1,religioso
1,religiosidade
1,religiosa
1,reli
1,relento
1,relatorio
1,relacionei
1,relacionares
1,rejuvenescido
1,rejuvenescer
1,reiterados
1,reinos
1,reino
1,reina
1,regular
1,regouguei
1,regougavam
1,regorgitam
1,regias
1,regente
1,regenerou
1,regeitou
1,regeitava
1,regeital
1,regei
1,regatos
1,regato
1,regariam
1,regalo
1,regalinho
1,regalavam
1,regalada
1,regadas
1,reg
1,refrigerava
1,refreio
1,reformado
1,reforcei
1,refluiu
1,reflectira
1,reflectir
1,reflectidas
1,reflectem
1,refiz
1,refegados
1,ref
1,reduzem
1,redonda
1,redil
1,redeviva
1,recusasses
1,recuperavam
1,recuperasse
1,recuperado
1,recuei
1,recto
1,rectificava
1,recreio
1,recorrer
1,recordava
1,recorda
1,reconsideradas
1,reconsidera
1,reconhecida
1,reconheceu
1,reconhecer
1,reconhecendo
1,recompensado
1,recommendavam
1,recommendava
1,recommendando
1,recommendado
1,recommendada
1,recommenda
1,recome
1,recolhimento
1,recolhido
1,recocheteou
1,recobrei
1,recobrar
1,reclinada
1,reclamo
1,reclama
1,receosas
1,receosa
1,receitas
1,receiar
1,receiando
1,recebimento
1,recebida
1,recebiam
1,receberiam
1,receberia
1,receberes
1,receberei
1,receberam
1,recebel
1,recebe
1,recebas
1,receba
1,recear
1,receando
1,recato
1,recatado
1,recatada
1,recamados
1,recalcitrou
1,recados
1,rebu
1,reboli
1,reboaram
1,rebentavam
1,rebentaram
1,rebentar
1,rebentando
1,rebelde
1,rebater
1,rebaixasse
1,reanimado
1,reanimada
1,realiza
1,realista
1,realisava
1,realisa
1,realesa
1,reagem
1,readquiriu
1,razoaveis
1,razo
1,ratoneiros
1,rato
1,ratificar
1,rastos
1,rasteiramente
1,raspava
1,rasos
1,rasoavel
1,rasguei
1,rasgaram
1,rasgados
1,rasgado
1,ras
1,rarefaziam
1,rar
1,raposa
1,rapina
1,rapido
1,rapazinho
1,raparigas
1,rapados
1,rap
1,rancoroso
1,rancor
1,ran
1,ramos
1,ramifica
1,ramento
1,ramas
1,ramalhavam
1,rama
1,raiventas
1,radiosos
1,radiosa
1,radia
1,radcliffe
1,racionaes
1,raciocinio
1,rabo
1,rabada
1,quizerem
1,quixote
1,quitan
1,quintiliano
1,quinteir
1,quintas
1,quintal
1,quinh
1,quinchoso
1,quinau
1,quieto
1,qui
1,queridos
1,quereriam
1,quereria
1,queluz
1,quellas
1,queixumes
1,queixo
1,queixas
1,queixar
1,queixa
1,queix
1,queiras
1,quebrou
1,quebro
1,quebrado
1,quebrada
1,quatorze
1,quarentena
1,qualidades
1,qualidade
1,quadrupedes
1,quadrupede
1,quadros
1,quadrava
1,qu
1,pyron
1,pyramide
1,puxou
1,puxava
1,puxar
1,puxam
1,pux
1,putrido
1,purpurino
1,purpurina
1,purpuriada
1,puros
1,punir
1,punida
1,pungir
1,pungentes
1,pungente
1,punge
1,pundonor
1,pulpito
1,pulmoeira
1,pulg
1,pulam
1,pueris
1,puerilmente
1,pueri
1,pudor
1,pudim
1,pudicos
1,pudicicia
1,pudibundos
1,pudibunda
1,publicou
1,publicar
1,publicado
1,psycologia
1,pseudo
1,prumo
1,prudes
1,prudencia
1,provocavam
1,provocaria
1,provocar
1,provocada
1,provir
1,proveitosas
1,proveitosa
1,provava
1,provarei
1,provando
1,provam
1,provada
1,protesto
1,protestar
1,protesta
1,protegidos
1,protegida
1,prostitue
1,prospero
1,prosperaram
1,prospectos
1,prospecto
1,proseguimento
1,prosapia
1,prosaicas
1,prosaica
1,proprietarios
1,proprietario
1,propriedades
1,proprias
1,propozera
1,propoz
1,propostas
1,proposta
1,proposi
1,propos
1,proporcionava
1,proporciona
1,propheticas
1,propenso
1,pronunciarei
1,pronunciar
1,pronosticas
1,pronomes
1,promptos
1,promptamente
1,promotheu
1,promettido
1,promettia
1,promettesse
1,prometter
1,prometta
1,promett
1,promessa
1,prologo
1,prole
1,projectavam
1,projectava
1,projectam
1,projec
1,prohibiram
1,prohibida
1,prohibi
1,programa
1,prognosticos
1,profundo
1,profundesas
1,profiss
1,proficua
1,proferiu
1,proferira
1,proferil
1,proferiamos
1,proferi
1,profanar
1,proesas
1,proeminencias
1,produzindo
1,produzido
1,productivos
1,prodigo
1,prodigiosa
1,procuremos
1,procurando
1,procural
1,procurador
1,proclamava
1,proclamar
1,proclamados
1,procellosos
1,procedimento
1,procedidas
1,problema
1,probidade
1,probabilidades
1,prive
1,privava
1,privasse
1,privarei
1,privado
1,priva
1,priori
1,prior
1,principiar
1,principiante
1,principial
1,principia
1,principes
1,principal
1,principaes
1,primores
1,primor
1,primogenita
1,primitiva
1,priminha
1,primasia
1,preza
1,previ
1,prevenir
1,prevenido
1,prevenida
1,pretextei
1,pretenciosas
1,pretas
1,presuntos
1,presunto
1,presumptiva
1,presumo
1,presumir
1,presteza
1,prestem
1,pressurosamente
1,preso
1,presentes
1,presenciei
1,presenciara
1,presenciar
1,presenceara
1,prescrutador
1,prescreve
1,presagio
1,presa
1,prerogativas
1,preponderancia
1,preparei
1,prepare
1,preparava
1,preparatorios
1,preparasse
1,preparando
1,preparada
1,prenhe
1,prendre
1,prendia
1,prendessem
1,prender
1,prendas
1,prenda
1,premunir
1,premio
1,premeditavas
1,prematura
1,preludio
1,preliminares
1,preliminar
1,preito
1,pregui
1,pregos
1,preferiu
1,preferia
1,preestabelece
1,preenchido
1,predominou
1,predominio
1,predominava
1,predomina
1,precursores
1,preclaros
1,precisasse
1,precisam
1,precipitando
1,precipitadamente
1,precipicios
1,precipicio
1,preceptores
1,preceptor
1,preceitos
1,precata
1,preambulo
1,prazenteiro
1,praxe
1,prato
1,praticou
1,prateleira
1,pranta
1,prancha
1,praguejar
1,pragas
1,pozera
1,povoleu
1,povoado
1,povoa
1,pousou
1,pousar
1,pourquoi
1,pouquissima
1,pouparem
1,poupar
1,poupam
1,poupal
1,potentados
1,potencias
1,potencia
1,posturas
1,postou
1,postos
1,postilh
1,postigo
1,posthumamente
1,poste
1,postar
1,post
1,possibilidade
1,possesso
1,posse
1,possante
1,possam
1,portuguezes
1,portou
1,porteiro
1,portanto
1,portadora
1,portadas
1,porfiou
1,porfias
1,porcos
1,popular
1,populacho
1,pope
1,pontas
1,ponho
1,pompas
1,pompa
1,pollegadas
1,pollegada
1,politica
1,poli
1,point
1,poeticamente
1,poetica
1,poesias
1,poemas
1,podre
1,podias
1,poderosos
1,poderiamos
1,poderiam
1,poderam
1,podera
1,pocas
1,pobreza
1,pobres
1,pneumatica
1,plutarcos
1,plutarcho
1,plus
1,plumas
1,plebe
1,pleb
1,platea
1,plasticas
1,plasticamente
1,plastica
1,plantou
1,plantal
1,planisara
1,plangente
1,planeta
1,planes
1,plagiatos
1,plagiato
1,place
1,pitadas
1,pistolas
1,pista
1,pispontadas
1,piso
1,pisco
1,pisal
1,pis
1,pirueta
1,piramides
1,pipilantes
1,pipila
1,pipa
1,pintor
1,pinto
1,pintasilgo
1,pintam
1,pintal
1,pintada
1,pinta
1,pinotear
1,pingues
1,pinga
1,pindaro
1,pincel
1,pinceis
1,pilulas
1,pilhada
1,pigault
1,pigar
1,pieguices
1,piedoso
1,piedosamente
1,piedosa
1,picava
1,picas
1,picar
1,picam
1,piar
1,physionomia
1,phraseologicas
1,philosophicamente
1,philarmonica
1,pharmacias
1,pharmacia
1,phantasticamente
1,phantasmas
1,phalange
1,pez
1,peur
1,petrificado
1,petrarcha
1,petit
1,petimetres
1,petalas
1,peste
1,pessoalmente
1,pessimo
1,pesando
1,pesames
1,pesa
1,perverter
1,perturbares
1,perturbado
1,pertendida
1,pertencem
1,perten
1,persuasivas
1,persuasiva
1,persuadiu
1,persuadisse
1,persuade
1,persuadamos
1,perspicacia
1,perspectivas
1,personagens
1,personagem
1,perseguir
1,perseguida
1,persegue
1,perplexa
1,perpetuam
1,perpassavam
1,perpassar
1,pernoitou
1,pernoitar
1,permittido
1,permittiam
1,permitte
1,permaneceu
1,pericles
1,pergunte
1,perguntavam
1,perguntasse
1,perguntaram
1,perguntai
1,perfumarias
1,perfumado
1,perfumada
1,perfilei
1,perfila
1,perfido
1,perfeito
1,perfectibilidade
1,perennal
1,perdoo
1,perdoem
1,perdoasse
1,perdoar
1,perdoai
1,perdoada
1,perdoa
1,perdiz
1,perdigueiros
1,perdigueira
1,perdido
1,perdidamente
1,perdiam
1,perdia
1,perdi
1,perdesse
1,perdes
1,perderem
1,perdera
1,perdendo
1,perdem
1,perda
1,percebo
1,peralvilhos
1,pequenos
1,pequenina
1,pequenez
1,peores
1,pensil
1,pense
1,pensamentos
1,pensam
1,pensa
1,pens
1,penoso
1,pennas
1,peninsular
1,penhorado
1,penha
1,penetra
1,pendurasse
1,pendurando
1,penduradas
1,pendia
1,pendi
1,penado
1,pelle
1,peitilho
1,pegado
1,pega
1,pedrarias
1,pedradas
1,pedissem
1,pediria
1,pedem
1,peculiar
1,peccado
1,peanha
1,pavimento
1,pav
1,pausa
1,paus
1,paulada
1,patusco
1,patusca
1,patrocinava
1,patriotas
1,patrio
1,patrias
1,patriarchal
1,patriarchaes
1,patriarcha
1,patras
1,patinham
1,patife
1,patifarias
1,pathologico
1,pathetico
1,patheticamente
1,pathetica
1,patetinha
1,patetas
1,paternos
1,paternidade
1,paternaes
1,patavinice
1,patavina
1,patacuada
1,patac
1,pastoris
1,pastar
1,pasta
1,passeou
1,passeios
1,passeando
1,passeamos
1,passavamos
1,passasse
1,passarito
1,passarinhada
1,passarem
1,passam
1,passagens
1,passageiros
1,paspalh
1,pasmei
1,pasmava
1,pasmaria
1,pasmando
1,pasma
1,paschoas
1,pas
1,parvos
1,parvoinhos
1,parva
1,partirem
1,partindo
1,partimos
1,partido
1,partida
1,particularidades
1,partem
1,parricida
1,paroxismo
1,parole
1,parny
1,paris
1,parentesco
1,parelhas
1,parecido
1,parecesse
1,parecera
1,pardacentas
1,parda
1,paralisou
1,paraizo
1,paragraphos
1,paradoxo
1,parada
1,papier
1,papelotes
1,papellitos
1,papeis
1,papeira
1,paparreta
1,papa
1,panthera
1,pantalonas
1,panorama
1,panoias
1,panem
1,panellas
1,pancas
1,pancadas
1,palpitou
1,palpitando
1,palpita
1,palpando
1,palmadas
1,palmada
1,pallor
1,pallido
1,palladium
1,palheta
1,palavriados
1,palavriado
1,palanfrorios
1,paladar
1,pairou
1,pagou
1,pago
1,pagina
1,padrasto
1,padieira
1,padecimentos
1,padecimento
1,padece
1,paciente
1,pachorra
1,pacheco
1,pach
1,pa
1,ovo
1,ovidio
1,ouviste
1,ouvisse
1,ouviram
1,ouvindo
1,ouvida
1,outubro
1,oute
1,ousei
1,ouse
1,ousava
1,ousar
1,ousa
1,ous
1,ourique
1,ouri
1,ougue
1,oswalds
1,ostenta
1,ossos
1,ossian
1,ossea
1,osa
1,orvalhar
1,orvalhada
1,orlas
1,oriundas
1,originam
1,orificio
1,oriente
1,orientaes
1,orgulhosas
1,orgias
1,organisar
1,organisado
1,ores
1,orense
1,orelhudos
1,orelh
1,ordinariamente
1,ordeno
1,orda
1,orchestra
1,orbitas
1,oravam
1,orador
1,oraculos
1,oppunha
1,opprimida
1,oppressivo
1,oppressiva
1,operou
1,operaram
1,ondula
1,ondas
1,on
1,omnipotencia
1,omitto
1,omittil
1,omiss
1,ominoso
1,olmo
1,olhem
1,olhares
1,olhal
1,olhadura
1,olhadellas
1,offertar
1,offertando
1,offerenda
1,offerecido
1,offerecida
1,offerecia
1,offereceu
1,offerecer
1,offerece
1,offere
1,offendido
1,offenda
1,offegante
1,oes
1,ocultas
1,oculos
1,oculo
1,octogenario
1,ocre
1,occupa
1,occultas
1,occultar
1,occidente
1,obulo
1,obter
1,obstou
1,obstal
1,observavam
1,observava
1,obscura
1,obrigueis
1,obrigou
1,obreia
1,objecto
1,obito
1,obedeci
1,obedecendo
1,obedece
1,oavam
1,oava
1,oara
1,oados
1,nutritiva
1,numerario
1,nullidade
1,nucleo
1,novos
1,novena
1,novella
1,novatos
1,notou
1,noticiasse
1,notava
1,notam
1,not
1,norma
1,nono
1,nominativo
1,nomeado
1,nomeadas
1,nomeada
1,noitib
1,nodoa
1,nocturno
1,nocivo
1,nobreza
1,nobrega
1,nobliarchias
1,nobliarchia
1,nitrico
1,nisto
1,niobe
1,ninhos
1,nilo
1,nicho
1,nic
1,nexo
1,newtons
1,neves
1,neve
1,neutro
1,neutralisar
1,netos
1,neta
1,nerval
1,nero
1,nenhuns
1,negrura
1,negrid
1,negregada
1,negras
1,negou
1,negocios
1,negocio
1,negociavam
1,negativamente
1,nefasta
1,nectarios
1,nectar
1,necessitado
1,necessaria
1,nea
1,ne
1,navio
1,navalha
1,naufragado
1,nau
1,naturalidade
1,natividade
1,nativa
1,nascida
1,nascessem
1,nasceram
1,nascera
1,nascem
1,nasc
1,narrou
1,narradora
1,narra
1,napole
1,namoricos
1,namorei
1,namorava
1,namorar
1,namorados
1,namorado
1,namorada
1,namora
1,nam
1,nabos
1,nabi
1,nabal
1,mytho
1,mysticismo
1,myope
1,musselina
1,musicos
1,musgo
1,musas
1,murzello
1,muro
1,murmurosas
1,murmurar
1,muribundo
1,munificencia
1,muni
1,munhoz
1,munh
1,mundanidades
1,mui
1,mugido
1,mudo
1,mudando
1,mudamente
1,mudada
1,moys
1,movera
1,mover
1,movendo
1,motivos
1,motim
1,mostrasseis
1,mostrasse
1,mostraram
1,mostrador
1,mostrado
1,mostrada
1,mosteiro
1,mosqueou
1,mosqueava
1,mosquear
1,mosqueando
1,moscosos
1,mos
1,mortuarios
1,mortos
1,mortificou
1,morria
1,morri
1,morrerei
1,morrera
1,morrem
1,morosa
1,moro
1,moribunda
1,morgados
1,morgadio
1,moreau
1,mordeu
1,morda
1,morbus
1,morbidos
1,moralistas
1,moralista
1,moradora
1,mora
1,monumentos
1,monumento
1,monstro
1,monopolio
1,mondr
1,momices
1,molosso
1,molhou
1,molestias
1,molestia
1,moleque
1,moleira
1,molas
1,mola
1,moita
1,mofa
1,moer
1,moedas
1,modula
1,modinha
1,modestia
1,modestamente
1,moderno
1,moderna
1,modera
1,mocho
1,mocet
1,mixto
1,mixta
1,miudo
1,miudamente
1,misturavam
1,missa
1,miss
1,miseravelmente
1,miserando
1,miryade
1,mirifico
1,mirifica
1,miragem
1,miradouro
1,mira
1,ministro
1,ministerio
1,miniaturas
1,mingua
1,mineiro
1,minas
1,mina
1,mimoseou
1,mimo
1,millionarios
1,millionaria
1,militarmente
1,milho
1,milhafres
1,milh
1,milagroso
1,miguelzinho
1,midas
1,miasmas
1,mi
1,mezopotamia
1,mexilh
1,mettera
1,metter
1,metta
1,metrico
1,metaphorico
1,metaphoras
1,metaphora
1,mesuras
1,mestres
1,mesquinha
1,mesmas
1,mesio
1,mesada
1,mesa
1,mergulhados
1,merenda
1,merecimento
1,mereci
1,merecesse
1,merec
1,mercantil
1,mentiu
1,mentes
1,mensaes
1,meneava
1,mendigando
1,mendicidade
1,mencionado
1,mencionada
1,memorando
1,membros
1,membro
1,mem
1,melodioso
1,melodiosa
1,melodias
1,melodia
1,melindrosa
1,melicamente
1,melhorou
1,melhorar
1,melenas
1,melancolicos
1,mel
1,meios
1,meigas
1,megera
1,medronhos
1,medrar
1,mediu
1,meditei
1,meditava
1,meditativo
1,medio
1,medidas
1,medida
1,medicos
1,mediania
1,mediana
1,media
1,mecia
1,mechanicas
1,mechanicamente
1,maximo
1,matrimoniamento
1,matrimonialmente
1,matrimonial
1,matrimoniaes
1,mato
1,matiz
1,matisavam
1,matinal
1,mathosinhos
1,mathematicamente
1,materno
1,maternal
1,maternaes
1,materiaes
1,matei
1,matas
1,mataram
1,matando
1,matal
1,matai
1,matagal
1,mataduras
1,mat
1,mastiguei
1,massos
1,massas
1,masculino
1,mascarar
1,mascarando
1,masag
1,martyrisada
1,martyrio
1,marrarem
1,marrada
1,maroto
1,maroteiras
1,marisco
1,marinheiros
1,marinhar
1,marinhando
1,margem
1,margaritas
1,margarida
1,marcada
1,maravilhou
1,maravilhosas
1,maravilhava
1,maravilhada
1,maravilha
1,maranh
1,manufacturas
1,manto
1,mantiver
1,mantimento
1,manteiga
1,manso
1,mansid
1,manoel
1,manifesto
1,manifestava
1,mangas
1,mangam
1,manfredo
1,mando
1,mandinga
1,mandibulas
1,mandei
1,mande
1,mandasse
1,mandando
1,mandal
1,manchester
1,manchega
1,manch
1,manas
1,maltrapido
1,maltractas
1,mallogradas
1,maligna
1,malicia
1,malhado
1,malefilatre
1,maleficos
1,maledicencia
1,malditos
1,maldade
1,malares
1,mala
1,major
1,maioria
1,magro
1,magra
1,magoas
1,magoal
1,magnificat
1,magnifica
1,magnanimidade
1,magistralmente
1,magico
1,magica
1,magestosa
1,magdalena
1,mag
1,madureira
1,madre
1,mad
1,maculei
1,maculado
1,macpherson
1,macilenta
1,machos
1,machinismo
1,machina
1,macacos
1,macaco
1,luzinhas
1,luzia
1,lusitania
1,lusitanas
1,lunar
1,luminosa
1,lumes
1,lume
1,lugubres
1,lufadas
1,lufada
1,ludunt
1,luctavam
1,luctas
1,luctarem
1,lucras
1,lucra
1,lucius
1,lucifer
1,lucidos
1,lucena
1,luas
1,louvor
1,louvei
1,louros
1,loureiros
1,louco
1,loucas
1,los
1,lorv
1,lorsqu
1,lorpa
1,lord
1,longus
1,longes
1,londres
1,lombo
1,lombares
1,lograr
1,lodacentos
1,locaes
1,lobrigal
1,lobato
1,livres
1,livrar
1,livido
1,litterarias
1,litteraria
1,litteralmente
1,lisongeiramente
1,lisongeava
1,lisbonenses
1,lisamente
1,lindos
1,lindo
1,limpidez
1,limpidas
1,limpesa
1,limpei
1,limpas
1,limpa
1,limites
1,limita
1,ligeiro
1,licenciosidades
1,licenciosas
1,librou
1,libidinoso
1,libello
1,lho
1,lhada
1,levitico
1,levassem
1,levaria
1,levantou
1,levantava
1,levantarem
1,levantando
1,levantam
1,levantado
1,levam
1,lev
1,letrado
1,lestamente
1,lesse
1,leso
1,lesbia
1,les
1,leria
1,leprosa
1,lepra
1,leopold
1,leonores
1,lento
1,lenitivo
1,lenha
1,lendas
1,lencastre
1,leme
1,lembraste
1,lembram
1,lembrado
1,leitura
1,leites
1,leiras
1,leil
1,leibnitz
1,leias
1,leiam
1,leguas
1,legua
1,lego
1,legitimas
1,legislassem
1,legislar
1,legi
1,legado
1,leccionar
1,lebrun
1,lebre
1,leal
1,lazarento
1,lavro
1,lavaram
1,lavagem
1,lavada
1,laureado
1,latinidade
1,latindo
1,latidos
1,latido
1,lastimavel
1,las
1,laryng
1,larra
1,larochefoucault
1,largos
1,largavam
1,largamente
1,larga
1,lares
1,laranjas
1,laranjal
1,larangeira
1,lapsos
1,laponia
1,lapis
1,lamentosa
1,lamento
1,lambendo
1,lamas
1,lama
1,lagosta
1,lago
1,lafayete
1,ladroeira
1,ladeiras
1,lacrimosos
1,laconica
1,lacerado
1,lacedemonia
1,lacaio
1,labras
1,laboratorio
1,kock
1,klopstock
1,kibir
1,kant
1,juvenis
1,justo
1,justificada
1,justifica
1,justas
1,jurou
1,jurisperito
1,jura
1,juntos
1,juntasses
1,juntas
1,juntando
1,juntamente
1,junho
1,juncada
1,jumento
1,julguei
1,julgue
1,julgou
1,julgo
1,julgaram
1,julgam
1,julga
1,judas
1,jubilosa
1,jubas
1,jornalistas
1,jornalismo
1,jornada
1,joguei
1,jogo
1,jogava
1,jogando
1,jogam
1,jogador
1,joga
1,jog
1,joanetes
1,jeroglificos
1,jerarchia
1,jejuns
1,java
1,jaspe
1,jarreta
1,jargal
1,jardins
1,jantares
1,janta
1,jaculatorias
1,jacto
1,jacques
1,jacobinos
1,jacob
1,jacintho
1,ja
1,italianos
1,israel
1,isosceles
1,ismael
1,irrite
1,irritar
1,irritado
1,irritabilidade
1,irrita
1,irris
1,irri
1,irrequieto
1,irreligiosa
1,irreflectido
1,irradiou
1,irracionalidades
1,ironias
1,irmos
1,iris
1,iriamos
1,iriam
1,iremos
1,irem
1,irado
1,iracundia
1,ipso
1,involuntariamente
1,invocava
1,invocando
1,inviolaveis
1,investida
1,inverno
1,invento
1,inventaram
1,inventa
1,invejosos
1,invejado
1,invejada
1,inveja
1,invectivas
1,inutilisei
1,intuscep
1,inturgescia
1,intromettida
1,introduziu
1,introduzir
1,intrinseco
1,intitulei
1,intimidade
1,intimativa
1,intimas
1,intestinal
1,intervallo
1,interrup
1,interrompidas
1,interrompida
1,interrompesse
1,interrompas
1,interromp
1,interrogues
1,interroguei
1,interrogo
1,interrogava
1,interrogatorio
1,interrogal
1,interrogada
1,interpretes
1,interprete
1,interpellei
1,internaram
1,intermedio
1,intermeado
1,interlocutor
1,interiores
1,interesses
1,interesseira
1,interesse
1,interceptavam
1,intentos
1,intento
1,intensidade
1,intencionalmente
1,intencionados
1,intelligencias
1,intellectual
1,intellecto
1,inteiro
1,inteira
1,integral
1,insuperavel
1,insultos
1,insulto
1,insulso
1,insula
1,insufficiente
1,insto
1,instituiu
1,instigada
1,instaurou
1,instantemente
1,instancias
1,inspirou
1,inspirando
1,inspirado
1,inspec
1,insomnias
1,insolencias
1,insignificantissima
1,insignificante
1,insignificancia
1,inscreviam
1,inquietos
1,inquieto
1,innocentinha
1,innocentemente
1,injuriosas
1,injuriava
1,injuriar
1,injuria
1,injectaram
1,inintelligivel
1,inintelligiveis
1,inimigo
1,iniciativa
1,iniciar
1,inicial
1,iniciaes
1,inicia
1,ingrata
1,inglaterra
1,ingenuidade
1,informasse
1,informar
1,informados
1,informadora
1,informada
1,influencia
1,inflingir
1,inflammar
1,infernos
1,inferior
1,infelizmente
1,infantil
1,infanteria
1,infanda
1,infamia
1,infame
1,infallivel
1,infalliveis
1,infallibilidade
1,inexpertos
1,inexperiente
1,inexoravel
1,inexhaurivel
1,inexequiveis
1,inevitavel
1,inerte
1,inequivocas
1,inepto
1,ineditos
1,ineditas
1,indulgente
1,induc
1,indr
1,indo
1,indispensavelmente
1,indispensavel
1,indignou
1,indigno
1,indigna
1,indifferentes
1,indifferen
1,indico
1,indicio
1,indicando
1,indica
1,independente
1,indeleveis
1,indeciso
1,indecifravel
1,indecente
1,indagar
1,incutiu
1,increpar
1,incorregiveis
1,incorrectas
1,inconveniente
1,incompletas
1,incompetente
1,incommodo
1,incommodava
1,incommodativo
1,incommodada
1,incoherencias
1,inclusive
1,inclinou
1,inclinado
1,inclina
1,incitando
1,incestuosas
1,incenso
1,incendios
1,incendio
1,incendida
1,incendiaria
1,incendia
1,incautos
1,incautas
1,incapazes
1,inaudito
1,inamovivel
1,inabalavel
1,impuros
1,impuro
1,impuras
1,impudor
1,impudencia
1,imprudentes
1,imprudencias
1,improvisava
1,improvisando
1,improvisado
1,improprio
1,imprimir
1,imprimindo
1,imprime
1,imprevistamente
1,impressiva
1,impressionou
1,impressionava
1,impressional
1,impregnado
1,impostos
1,imposta
1,impossiveis
1,importuno
1,importunada
1,importantissima
1,importantemente
1,implume
1,implore
1,implor
1,implacavel
1,impiedade
1,impetuosas
1,imperio
1,imperfei
1,imperceptivel
1,imperadores
1,impassivel
1,impassibilidade
1,impagavel
1,impaciente
1,imp
1,immortalidade
1,immortal
1,immoralidade
1,immoral
1,immobilisei
1,immobilidade
1,immerecidos
1,immensid
1,immediatas
1,immediata
1,immaterial
1,immaculado
1,imitar
1,imitadores
1,imaginou
1,imaginoso
1,imaginem
1,imaginava
1,imaginas
1,imaginarias
1,imaginam
1,imagin
1,imagens
1,illustrissima
1,illustrado
1,illustradas
1,illustrada
1,illuminismo
1,ilha
1,igualando
1,iguaes
1,ignorar
1,ignorancia
1,ignorada
1,ignominioso
1,ignominiosas
1,ignominia
1,ignobeis
1,ignez
1,idolatrada
1,idiota
1,idioma
1,ides
1,ideologica
1,identifica
1,idealmente
1,idealisam
1,ideaes
1,hypocritamente
1,hypocrita
1,hypocrisia
1,hygiene
1,hydropesias
1,humilde
1,humanitario
1,houver
1,hoste
1,hospedou
1,hospedes
1,hospede
1,hospedagem
1,hospedado
1,horror
1,horacio
1,honrosa
1,honradez
1,honestidade
1,honesta
1,homogeneos
1,homog
1,homoeopatica
1,homoeopathicas
1,homoeopathicamente
1,homoeopathia
1,homoeopatha
1,homero
1,homericos
1,homenagem
1,holgas
1,hoc
1,histri
1,hirsuto
1,hiate
1,hespanhol
1,hesita
1,hervanario
1,heroismos
1,heroicas
1,heroicamente
1,heroes
1,hermeticamente
1,hermenigildas
1,hermaphrodita
1,heresias
1,herejes
1,herege
1,herdeiro
1,herdava
1,herculano
1,henrique
1,hendecasyllabo
1,helvetius
1,heloisas
1,heloisa
1,helena
1,hediondo
1,hedionda
1,havieis
1,haurido
1,haste
1,harpa
1,harmoniosa
1,harmonicos
1,harem
1,halito
1,haja
1,habituei
1,habituar
1,habituaes
1,habituado
1,habitu
1,habitos
1,habitar
1,habitantes
1,habital
1,habita
1,habilitam
1,habilidade
1,habil
1,guitarra
1,guinchos
1,guinchando
1,guimar
1,guie
1,guia
1,guerrilha
1,guerras
1,guardei
1,guardavas
1,guardares
1,guardai
1,grupos
1,grulha
1,grossura
1,grosseiro
1,grosseiramente
1,grosseira
1,gritavam
1,gritava
1,grillos
1,grilharia
1,grilh
1,gretados
1,greta
1,greda
1,gravatos
1,gravadas
1,graus
1,grau
1,gratuitamente
1,gratid
1,gratia
1,gratas
1,grata
1,grasnidos
1,grado
1,graciano
1,gracejo
1,graccho
1,governo
1,governar
1,governai
1,gottas
1,gotosa
1,gothico
1,gotejando
1,gostos
1,gostava
1,gostas
1,gostando
1,gosos
1,gosmenta
1,gosa
1,gos
1,gordura
1,gordinhas
1,golpeava
1,gola
1,goda
1,gnomicos
1,gloriosos
1,glacial
1,gitana
1,giro
1,gilbert
1,giesta
1,gib
1,gestos
1,gesticulando
1,gerard
1,geralmente
1,georgianas
1,geographia
1,genuina
1,genio
1,generoso
1,generosidades
1,generos
1,gemia
1,gemeo
1,gemem
1,gemebunda
1,gelou
1,gel
1,geitoso
1,gaveta
1,gaula
1,gato
1,gata
1,gastos
1,gasto
1,gastar
1,gastal
1,gasalhado
1,garraios
1,garrafas
1,gargalhada
1,garatujas
1,ganido
1,ganchos
1,gamo
1,gamente
1,galope
1,gallegos
1,gallas
1,galhofa
1,galho
1,galhardo
1,galga
1,galas
1,galardoar
1,galardoados
1,galard
1,galantes
1,galafura
1,gaguejou
1,ga
1,fuzas
1,futilidade
1,fuso
1,furtava
1,furtar
1,furac
1,funesta
1,funeraria
1,funeral
1,funeraes
1,fundos
1,fundavam
1,fundamental
1,fundados
1,fundadas
1,fulminou
1,fulminada
1,fulgores
1,fulgor
1,fujo
1,fuja
1,fuinhas
1,fugitivas
1,fugitivamente
1,fugiste
1,fugiriam
1,fugiria
1,fugia
1,fuas
1,fructueira
1,fructo
1,frouxos
1,frouxas
1,frontes
1,fronteiros
1,fronteiras
1,frivolo
1,frivolas
1,frito
1,fritada
1,frescura
1,frescas
1,fresca
1,frequente
1,frenesi
1,frementes
1,freixo
1,freire
1,fregim
1,fraternidades
1,fraquesa
1,franziram
1,franquesa
1,frango
1,franco
1,francezes
1,francez
1,fraco
1,fouce
1,fota
1,fortalecia
1,fortalecer
1,forro
1,fornecido
1,fornarinas
1,formulas
1,formou
1,formosuras
1,formosissimas
1,formosas
1,formigaram
1,formando
1,formal
1,formada
1,forja
1,foreiros
1,forcejava
1,foraes
1,fomentava
1,folhinha
1,folhetins
1,folhetinista
1,folhetim
1,folhe
1,folgando
1,folga
1,fogueira
1,fogoso
1,foge
1,fogareiro
1,fog
1,florido
1,florete
1,florestas
1,florescera
1,florescencia
1,florencia
1,floreando
1,flora
1,flexivel
1,flexiveis
1,flamme
1,flamma
1,flacida
1,fizemos
1,fito
1,fitas
1,fital
1,fit
1,fistulado
1,firmeza
1,fiquemos
1,fique
1,fios
1,finura
1,finos
1,fingiu
1,fingindo
1,findar
1,fimbria
1,filtrando
1,filhinhos
1,fil
1,figurara
1,figo
1,figados
1,figado
1,fidalguia
1,fidalgamente
1,ficavam
1,ficarmos
1,ficaria
1,ficaremos
1,ficara
1,ficando
1,ficam
1,fic
1,fibras
1,fiava
1,fiando
1,fia
1,ffrega
1,feudatario
1,festival
1,festiva
1,festim
1,festeja
1,fervor
1,ferventes
1,ferrolho
1,ferretes
1,ferreira
1,ferr
1,fernando
1,fernandes
1,fermentaram
1,ferisse
1,ferindo
1,ferimentos
1,feridas
1,feri
1,femmes
1,femea
1,felicitaram
1,felicissimas
1,feitura
1,feitios
1,feitio
1,feiticeira
1,feiti
1,feio
1,fecundos
1,fecundar
1,fecunda
1,fecharam
1,fechara
1,fechando
1,fechal
1,fechadura
1,fechados
1,fechado
1,fecha
1,fazes
1,favorito
1,favorecesse
1,favoraveis
1,favo
1,fava
1,fausto
1,fatidicos
1,fateixa
1,fatalidade
1,fastos
1,fastio
1,fascinante
1,fascinam
1,fascinado
1,fascina
1,fartum
1,farto
1,farrap
1,farpa
1,farinha
1,farfalhuda
1,faremos
1,farejarem
1,fardeta
1,fardamento
1,farda
1,famosos
1,famoso
1,familiar
1,fama
1,faltou
1,falte
1,faltassem
1,faltaria
1,faltarei
1,faltaram
1,falsete
1,fallei
1,fallecera
1,fallaste
1,fallares
1,fallarem
1,fallamos
1,fallam
1,fallado
1,fado
1,fadigas
1,fadas
1,factos
1,facilmente
1,facilitava
1,fachos
1,facho
1,fachada
1,facecias
1,fabulosa
1,fabullarios
1,fabula
1,fabricantes
1,exuberancia
1,extremoso
1,extremosa
1,extremos
1,extrema
1,extravasava
1,extravasantes
1,extravasa
1,extraordinariamente
1,extirpa
1,extinguir
1,externa
1,exteriores
1,extatico
1,extasiado
1,exprobrando
1,exprimir
1,expressamente
1,exposto
1,exporta
1,expliquei
1,explique
1,explicava
1,explicado
1,explendidas
1,explendida
1,explanar
1,expire
1,expirar
1,expiando
1,experimental
1,experimentados
1,experimentada
1,expedientes
1,expediente
1,expedi
1,expansiva
1,exordio
1,exorcismos
1,existiu
1,existir
1,existe
1,eximios
1,exime
1,exilio
1,exhaurida
1,exercito
1,exercitava
1,exercicio
1,exercera
1,exercer
1,exerce
1,exequias
1,exemplificativa
1,exemplificar
1,exemplares
1,exemplar
1,executar
1,executada
1,execu
1,excurs
1,excrescencia
1,excluem
1,exclamei
1,exclamava
1,exclama
1,excerptos
1,excep
1,excentrico
1,excentricidade
1,excellencia
1,exarando
1,exanime
1,examinassem
1,examinar
1,examinando
1,examina
1,exame
1,exaltado
1,exalta
1,exactissimamente
1,evitar
1,evitando
1,evidencia
1,evasiva
1,euphonicos
1,ethereos
1,ethereas
1,eternidade
1,eternamente
1,esvaimento
1,esvahida
1,esvaecida
1,estuque
1,estupidos
1,estupendos
1,estupendas
1,estupefac
1,estudioso
1,estudantes
1,estudando
1,estuda
1,estud
1,estrupido
1,estropeada
1,estrondoso
1,estrondosas
1,estro
1,estripando
1,estribo
1,estrepito
1,estremeci
1,estremecer
1,estreme
1,estremar
1,estremal
1,estrello
1,estreito
1,estreita
1,estranheza
1,estranhei
1,estranha
1,estrangeiro
1,estrangeirice
1,estrangeiras
1,estrabismo
1,estor
1,estopador
1,estopada
1,estopa
1,estoirou
1,estofadas
1,estiverem
1,estirada
1,estipulamos
1,estimulos
1,estimei
1,estimava
1,estimar
1,estima
1,estilete
1,esteves
1,estev
1,esterilidade
1,esteril
1,estendida
1,estender
1,estendendo
1,esteio
1,esteia
1,estaveis
1,estatuaria
1,estatellado
1,estariam
1,estaria
1,estanque
1,estanciei
1,estancia
1,estalou
1,estalagem
1,estafado
1,estadistas
1,estabeleceu
1,estabelecer
1,essencialmente
1,essencia
1,esquecimento
1,esqueceu
1,esqueceram
1,esquecendo
1,esquece
1,esque
1,esqualidos
1,espreitou
1,espreitei
1,espreitasse
1,espreita
1,esposar
1,esposadas
1,esporeando
1,esporas
1,espora
1,esplendor
1,espirrou
1,espirrava
1,espirituosas
1,espirituosa
1,espiritualista
1,espiritualismo
1,espiraculo
1,espionar
1,espionagem
1,espinhos
1,espinhela
1,espingardas
1,espigado
1,esphinge
1,esphera
1,espetar
1,espertos
1,esperto
1,esperteza
1,espertas
1,esperta
1,esperem
1,espere
1,esperdice
1,esperaram
1,esperal
1,esperados
1,espelho
1,espelha
1,espeda
1,especuladores
1,espectro
1,espectativa
1,espectadores
1,especialmente
1,especial
1,espavorida
1,espartilhou
1,esparregado
1,espantam
1,espantado
1,espalhar
1,espalhado
1,espaldar
1,espaduas
1,espad
1,esmerilhou
1,esmerilhar
1,esgrima
1,esganou
1,esganaram
1,esganado
1,esgalhos
1,esfregando
1,esfregado
1,escutem
1,escutavam
1,escutava
1,escutassem
1,escutar
1,escutando
1,escutal
1,escusado
1,escuro
1,escuridade
1,escurid
1,escurecer
1,escura
1,escrutinio
1,escrupulisei
1,escropulos
1,escriv
1,escriptura
1,escriptores
1,escrevinhador
1,escrevesse
1,escrevendo
1,escrevem
1,escrevas
1,escreva
1,escousse
1,escorreito
1,escorregam
1,escorreg
1,escorias
1,esconjuros
1,escondida
1,escondiam
1,escondia
1,escondi
1,escondes
1,esconde
1,esconda
1,escolho
1,escolheu
1,escolher
1,escoava
1,esclarecido
1,esclareceres
1,escassas
1,escarneo
1,escapam
1,escapado
1,escangalhado
1,escandaloso
1,escandalosamente
1,escandalos
1,escadaria
1,esboroado
1,esbocei
1,esbo
1,esbelto
1,erup
1,erudito
1,eri
1,erguidos
1,erguido
1,erguidas
1,erguida
1,erguia
1,erguera
1,ergue
1,ergu
1,ereis
1,eramos
1,equivoco
1,equivoca
1,equita
1,epytheto
1,epygastrico
1,epitheto
1,epitaphio
1,epistolar
1,episodios
1,epilogo
1,epigrammatica
1,epiderme
1,epicuro
1,ephemeras
1,eph
1,epaminondas
1,enxutos
1,enxotariam
1,enxergar
1,envolvia
1,envolver
1,enviezados
1,enviada
1,envestidas
1,envesgar
1,envergonhado
1,envergonhada
1,envenenam
1,envenenados
1,envenenado
1,enveloppe
1,envelhecer
1,entulho
1,entro
1,entrincheiraram
1,entreteve
1,entreter
1,entretanto
1,entreguei
1,entregar
1,entregando
1,entreg
1,entravam
1,entrares
1,entranhas
1,entranhar
1,entrando
1,entorpecido
1,entoando
1,enthusiasta
1,entes
1,enterro
1,enterraram
1,enternecida
1,enternece
1,entendimento
1,entendia
1,entendesse
1,entendes
1,entendendo
1,entendem
1,entendel
1,entend
1,entalh
1,entalar
1,entabolar
1,ensinou
1,ensinem
1,ensinava
1,ensinasse
1,ensinaram
1,ensinam
1,ensinal
1,ensinado
1,ensaia
1,enruga
1,enroscaria
1,enrista
1,enraivecida
1,ennegrecer
1,enlouquecer
1,enigmaticas
1,enigmas
1,engranzar
1,engrandecel
1,engra
1,engordar
1,engolir
1,engodar
1,engatilhado
1,engastado
1,engasguei
1,engano
1,enganaste
1,enganasse
1,engana
1,engadelharem
1,enfiado
1,enfesadinhos
1,enfermidade
1,enferma
1,enfeita
1,eneas
1,encurvar
1,encubam
1,encrespa
1,encravar
1,encosta
1,encorti
1,encorreou
1,encontros
1,encontrem
1,encontrassem
1,encontrara
1,encontral
1,encontrada
1,encontra
1,encomios
1,encolhido
1,encolhiam
1,encolheu
1,encolher
1,enchia
1,enchi
1,encheu
1,encavada
1,encartado
1,encartada
1,encarregada
1,encarnar
1,encarecidamente
1,encarecendo
1,encarava
1,encarapitou
1,encarando
1,encaral
1,encarado
1,encapotado
1,encantos
1,encanto
1,encant
1,encanou
1,encanhotado
1,encanecida
1,encaminharmos
1,encaminhal
1,encalhou
1,encaleirava
1,encaixilhar
1,encaderna
1,enamora
1,emula
1,emprestado
1,empresarios
1,empreguei
1,emprego
1,empregar
1,empregando
1,empoleirar
1,empenhava
1,empenharei
1,empenhando
1,emparvecido
1,emparedada
1,empalmou
1,empalmado
1,empalma
1,empallidecer
1,emolumentos
1,emo
1,emmagrecidas
1,emmagreceram
1,emissarios
1,embu
1,embrulho
1,embrulhado
1,embriagante
1,embrenhei
1,emborcasse
1,emborcadella
1,emboras
1,embevecidos
1,embetesgar
1,embebedar
1,embebecidos
1,embebecida
1,embates
1,embate
1,embargo
1,embargavam
1,embalava
1,embalara
1,embalado
1,embaciados
1,emancipa
1,eloquente
1,elogio
1,elogiando
1,eliminando
1,eliminado
1,elevada
1,elemento
1,eleito
1,elegias
1,elegiacas
1,eleger
1,elegancia
1,elanguescida
1,elanguesceu
1,el
1,ejaculou
1,ejaculado
1,eivada
1,eis
1,egoismo
1,egide
1,egas
1,efficacia
1,effeitos
1,effectivamente
1,educara
1,educal
1,educada
1,edificativa
1,economica
1,ecce
1,ebrio
1,ebano
1,dynastia
1,duvidosamente
1,duvido
1,duvidava
1,durou
1,duro
1,durma
1,duraveis
1,duplicado
1,dumas
1,dulcificando
1,dueto
1,duarte
1,du
1,druidicos
1,druidica
1,dro
1,dres
1,dragonas
1,draconiana
1,doutrinas
1,doutos
1,doutor
1,dourar
1,douram
1,douradas
1,dorsal
1,dormia
1,dormente
1,dormem
1,donzellinha
1,dons
1,donatarios
1,donas
1,dominios
1,domingos
1,domingo
1,dominava
1,domina
1,doloroso
1,dolorosissima
1,dolorida
1,doer
1,doem
1,doce
1,dobras
1,dobraram
1,dobrada
1,dizel
1,diwan
1,divulgou
1,divulgasse
1,divulga
1,divisei
1,divis
1,divinisando
1,divindade
1,divinas
1,divina
1,dividas
1,divertiam
1,diversas
1,diversa
1,ditosas
1,ditosa
1,ditas
1,districtos
1,distribuiu
1,distrahidamente
1,distrac
1,distingue
1,distinctos
1,distinctamente
1,distenderam
1,distancia
1,dissipado
1,disseres
1,disseca
1,dissabores
1,disputando
1,disputada
1,disposta
1,disposi
1,dispersas
1,dispersa
1,dispenso
1,dispensei
1,dispensava
1,dispensar
1,dispensando
1,dispensam
1,dispensada
1,disparei
1,disparate
1,disp
1,discutiu
1,discutir
1,discutida
1,discorreu
1,discipulo
1,discipula
1,dirigira
1,dirigir
1,direitas
1,directores
1,director
1,direc
1,diplomaticas
1,diplomatica
1,diniz
1,diminuir
1,diluvio
1,dilecto
1,dignidade
1,digne
1,digas
1,digamos
1,digamol
1,digam
1,diffundia
1,difficultoso
1,difficuldade
1,difficilmente
1,difficil
1,differente
1,differencial
1,differen
1,dido
1,didatico
1,dictei
1,diccionarios
1,diariamente
1,diaria
1,dialogo
1,diabrura
1,diabos
1,dezeseis
1,dezembro
1,devorava
1,devorarem
1,devorado
1,devida
1,devesse
1,deves
1,deveria
1,devendo
1,devassasse
1,devassar
1,deva
1,dev
1,deusas
1,deusa
1,detrimento
1,detractores
1,detestar
1,detesta
1,determinava
1,desviou
1,desvios
1,desviei
1,desviar
1,desventuroso
1,desventuras
1,desvendam
1,desvaneceu
1,desvanecesse
1,desvanecer
1,desvanece
1,desvalidos
1,destruiu
1,destrua
1,destro
1,destreza
1,destr
1,destoe
1,destoa
1,destinou
1,destinei
1,destinavam
1,destinaram
1,destinada
1,desterro
1,destemido
1,destacamento
1,dessem
1,desprezo
1,despreso
1,despresivel
1,desprendeu
1,desprende
1,despregava
1,despotismo
1,despotica
1,desposorios
1,desponta
1,despi
1,despertar
1,despenhas
1,despejassem
1,despejar
1,despeito
1,despeitado
1,despegou
1,despegava
1,despegar
1,despedida
1,despedi
1,desoccupada
1,desobediente
1,desobedecesses
1,desobedecendo
1,desnudez
1,desnaturar
1,desmerecer
1,desmentir
1,desmastreada
1,desmancho
1,desmaiar
1,desmaiado
1,deslumbrantes
1,deslisam
1,desligar
1,desleixos
1,deslealmente
1,deslastres
1,desinquietar
1,desigual
1,designar
1,deshoras
1,deshonrado
1,deshonrada
1,desgostou
1,desgostoso
1,desgostar
1,desfigurando
1,desfez
1,desferindo
1,desfere
1,desertos
1,desertores
1,desentendida
1,desentalava
1,desenrugar
1,desennovellavam
1,desenlaces
1,desenharam
1,desenhar
1,desenhados
1,desengra
1,desenganada
1,desencabrestadamente
1,desembarque
1,desembarcaram
1,desembara
1,desejos
1,desejei
1,desejava
1,desejando
1,desejada
1,desdouro
1,desdenhoso
1,desdemona
1,desdem
1,desd
1,desculpavel
1,desculpam
1,desculpa
1,descuido
1,descriptas
1,descrevi
1,descrev
1,descoro
1,descontente
1,desconsidera
1,desconhecida
1,desconhecia
1,desconhece
1,desconfie
1,desconfiava
1,desconfiando
1,desconfian
1,descoco
1,descobriu
1,descobril
1,descobria
1,descoberto
1,desceram
1,descera
1,descende
1,descem
1,desce
1,descartes
1,descarnada
1,descahe
1,descabellados
1,descabellado
1,desbotaram
1,desataviado
1,desatado
1,desastrada
1,desarreigou
1,desarreigal
1,desarranjando
1,desarmar
1,desappareciam
1,desapparecer
1,desapparece
1,desapertar
1,desanimei
1,desanimadora
1,desanimado
1,desandar
1,desamparou
1,desamparar
1,desambiciosa
1,desalojar
1,desaloja
1,desagradavel
1,desagradar
1,desafogou
1,desafogo
1,desafogando
1,desafio
1,desafinadamente
1,desafiava
1,desafiar
1,desaf
1,desacredita
1,desabusadas
1,desabrido
1,desabridamente
1,desabotoaram
1,desabona
1,desabado
1,derrama
1,derradeiras
1,derivando
1,deriva
1,depurado
1,depravando
1,deposito
1,depositario
1,deperecer
1,dependura
1,deparou
1,deparar
1,denunciou
1,denunciasse
1,denuncial
1,denuncia
1,denunci
1,dentre
1,dente
1,denominados
1,denominada
1,denomina
1,demoro
1,demorar
1,demoramos
1,demonstrava
1,demonios
1,demittido
1,demasiado
1,demandar
1,demandam
1,demais
1,delles
1,dellas
1,delirou
1,delirium
1,delirios
1,delirantemente
1,delirando
1,delira
1,delineada
1,deliciosos
1,delicioso
1,deliciosas
1,deliciosa
1,deliciando
1,delicado
1,delicadamente
1,delicada
1,deliberada
1,del
1,deixes
1,deixemos
1,deixemo
1,deixem
1,deixassem
1,deixaria
1,deixares
1,deixarem
1,deixarei
1,deixara
1,deixam
1,deixaes
1,deitei
1,deitara
1,deitando
1,deitados
1,deitado
1,deitada
1,deita
1,degraus
1,degrau
1,degradar
1,defuntos
1,defunto
1,defluxo
1,definiram
1,definida
1,deficit
1,defezas
1,defesa
1,defendia
1,defendel
1,defend
1,defeito
1,deem
1,dedo
1,dedicatoria
1,dedicados
1,dedicado
1,dedica
1,decurso
1,decretos
1,decreto
1,decrepitas
1,decorrido
1,decorreu
1,decorreram
1,declinou
1,declarava
1,declarar
1,declara
1,decima
1,decifrou
1,decidiu
1,decidido
1,decide
1,decep
1,debuxos
1,debrum
1,debru
1,debique
1,dea
1,david
1,davas
1,datou
1,datada
1,darem
1,dardejando
1,daqui
1,daquelle
1,daquella
1,dantescos
1,damocles
1,damno
1,damnada
1,dalila
1,dados
1,dadas
1,dada
1,cyprianno
1,custoso
1,custo
1,custasse
1,custaram
1,cust
1,cuspiste
1,curvava
1,curvaturas
1,curvar
1,curvando
1,curtos
1,curtido
1,curti
1,curtas
1,curso
1,curo
1,curiosamente
1,curava
1,curativo
1,curado
1,cupula
1,cunhas
1,cumprir
1,cumprimentar
1,cumpre
1,cumiadas
1,cultiv
1,culpada
1,culinaria
1,cuidou
1,cuido
1,cuidados
1,cu
1,cruzes
1,cruzeiros
1,cruzei
1,cruzavam
1,cruzarem
1,cruzar
1,crusta
1,cruorico
1,crueza
1,cruenta
1,crochet
1,crivel
1,criticas
1,criterio
1,cristal
1,crista
1,crispa
1,criminosa
1,criminar
1,criez
1,criancices
1,criancice
1,criados
1,criadora
1,cria
1,creu
1,cretins
1,crestados
1,creou
1,crendices
1,creei
1,credo
1,credito
1,crebillon
1,crearam
1,creando
1,cravou
1,cravar
1,cravando
1,cravados
1,cravado
1,cratera
1,cozinheiras
1,cozinheira
1,cozido
1,cozida
1,coutos
1,coutinho
1,couro
1,couceiros
1,couce
1,coto
1,cotas
1,costureira
1,costumavam
1,costumada
1,costuma
1,costoias
1,costella
1,costado
1,costa
1,cossar
1,cosinheiro
1,cosidos
1,cosi
1,corvos
1,cortona
1,cortinas
1,cortina
1,corti
1,cortejal
1,cortando
1,corruptora
1,corruptor
1,corrompia
1,corro
1,corrim
1,corrigia
1,corrido
1,corrida
1,corria
1,corri
1,correspondidas
1,correspondia
1,correspondesse
1,correram
1,correntes
1,correntemente
1,correndo
1,correligionario
1,correio
1,correeiro
1,correc
1,coronal
1,corollas
1,coroas
1,coroada
1,corneille
1,corinas
1,corina
1,cores
1,cordura
1,cordial
1,cordeiro
1,corando
1,corajoso
1,coradas
1,cor
1,copla
1,copiosas
1,copiosamente
1,copiados
1,copa
1,coordenados
1,convulsos
1,convulsivos
1,convulsivo
1,convulsivamente
1,convulsa
1,convivemos
1,convido
1,convidava
1,convicta
1,conversemos
1,conversavam
1,conversar
1,convenio
1,conveniente
1,convencionaes
1,convencida
1,convenceu
1,convencendo
1,convenc
1,conven
1,convalesci
1,convalescer
1,contristada
1,contric
1,contratempos
1,contrariar
1,contrariada
1,contraltos
1,contrahiu
1,contrahira
1,contrahem
1,contraditas
1,contornos
1,continuei
1,continuamente
1,continuados
1,continuadas
1,continencia
1,contin
1,contiguas
1,conteve
1,conter
1,contemporaneos
1,contemplar
1,contemplam
1,contavas
1,contavam
1,contasse
1,contarei
1,contaminarem
1,contam
1,contados
1,contadas
1,contada
1,consummada
1,consumiu
1,consumidor
1,consumi
1,consultava
1,consultado
1,construc
1,constrastes
1,constrangia
1,constituinte
1,constitucionaes
1,constipando
1,consternada
1,conspurcar
1,conspurcada
1,conspiraste
1,conspirasse
1,conspicuas
1,conspicua
1,consorte
1,consolidou
1,consolide
1,consolar
1,consolal
1,consoladora
1,consolador
1,consolada
1,considerando
1,considerado
1,consideradas
1,conservei
1,conservares
1,conservam
1,consentindo
1,consentimento
1,consentia
1,consenso
1,conselheiro
1,conselheira
1,conseguiu
1,conseguira
1,conseguir
1,conseguido
1,conscienciosa
1,conquistas
1,conquistam
1,conquistadores
1,conquistador
1,conquista
1,conjunctura
1,conjun
1,conjuge
1,conjugal
1,conjecturei
1,conjectura
1,conhecidos
1,conhecido
1,conhecessem
1,conheceram
1,conhecendo
1,conhecemos
1,conhecedores
1,congresso
1,congratulou
1,congratulei
1,congo
1,congenito
1,confus
1,confundem
1,confronto
1,confrontar
1,confirmar
1,confirma
1,confidentes
1,confidencias
1,confiava
1,confiar
1,confiado
1,confia
1,confessal
1,confei
1,conego
1,conduziram
1,conduzidos
1,conduzida
1,conduz
1,condolencia
1,condemnar
1,condemnado
1,condemnada
1,condemna
1,conclus
1,concluiu
1,concitar
1,conciso
1,conciliar
1,conciliadoras
1,concentrada
1,conceito
1,concedida
1,conceder
1,concede
1,concedam
1,concava
1,comvosco
1,compunha
1,compun
1,comprovativa
1,compromettido
1,comprimiam
1,comprimentos
1,comprimentar
1,compress
1,comprehendia
1,comprehendi
1,comprehenderam
1,comprehender
1,comprehendendo
1,comprazer
1,compras
1,comprarem
1,comprados
1,compozera
1,compostura
1,compostella
1,complicam
1,complicado
1,completou
1,completo
1,completamente
1,competente
1,compensar
1,compensa
1,compendio
1,compelliu
1,compassiva
1,comparo
1,comparando
1,companheiros
1,companheiro
1,compadecidas
1,compadeceria
1,compadecer
1,compadecem
1,comp
1,communiquei
1,communicava
1,commiss
1,commercial
1,commentou
1,commentarios
1,commentadores
1,commendas
1,commenda
1,commemora
1,commandar
1,commandante
1,comicos
1,comico
1,comica
1,comiam
1,comia
1,comenos
1,comedias
1,comecemo
1,comecei
1,combinei
1,combina
1,combati
1,combate
1,comarcas
1,comadre
1,columnata
1,coloriu
1,coloris
1,colorido
1,colonias
1,colombo
1,collou
1,collossal
1,colloquei
1,colloque
1,collocado
1,collina
1,collete
1,collegios
1,collados
1,collada
1,colhes
1,colheita
1,colete
1,colcheias
1,coitado
1,coincidencia
1,cogominho
1,cognome
1,cofre
1,coelhos
1,coelheira
1,coeiros
1,codigo
1,cochicho
1,cobrisse
1,cobrindo
1,cobril
1,cobria
1,cobrando
1,cobr
1,cobertores
1,coadjuvava
1,coadjuvar
1,claudino
1,classico
1,classes
1,classe
1,clarinete
1,claridade
1,clareza
1,clandestinamente
1,clama
1,civis
1,civilisado
1,civilisa
1,cithara
1,circumvisinhos
1,circumstantes
1,circumstancia
1,circumspecto
1,circulo
1,circula
1,circenses
1,ciosa
1,cintura
1,cintra
1,cinto
1,cinta
1,cingia
1,cingi
1,cimo
1,cigarros
1,cigarrito
1,cigarras
1,cicio
1,chusma
1,chufas
1,chrysostomos
1,chronistas
1,chorudas
1,chorosa
1,chorographia
1,chorado
1,chorada
1,choquei
1,choca
1,chita
1,chiste
1,chinellos
1,chimera
1,chilravam
1,chiar
1,chevalier
1,chester
1,chelpa
1,cheirar
1,chegue
1,chegasse
1,chegaram
1,chegamos
1,chegada
1,chefe
1,chatterton
1,chato
1,chateza
1,chata
1,charpentier
1,charneca
1,charco
1,chaque
1,chapa
1,chanfana
1,champagne
1,chamo
1,chammejar
1,chamei
1,chamas
1,chamariam
1,chamara
1,chamamos
1,chamada
1,chagas
1,cha
1,cevados
1,cesto
1,cessa
1,cesar
1,cervantes
1,certos
1,certificar
1,certid
1,cerrei
1,cerrar
1,cerrado
1,cernache
1,cereaes
1,cerdos
1,cerdo
1,cercear
1,cercada
1,cera
1,cepo
1,centauro
1,censuro
1,censuram
1,censura
1,cendrado
1,cemiterio
1,celtica
1,cellulares
1,cella
1,celestial
1,celestiaes
1,ceira
1,ceifa
1,cegos
1,cediam
1,cedeu
1,cedesse
1,ceder
1,cebola
1,cebo
1,ccas
1,caxuxa
1,cavidade
1,cavernosos
1,cavername
1,cavalleirosos
1,cavallari
1,cavalheirosos
1,cavalheiros
1,cavalgaduras
1,cavado
1,caustico
1,causaram
1,causar
1,causados
1,caudal
1,caudaes
1,cauda
1,catharina
1,catarrhoso
1,catarrho
1,catarata
1,cataplasma
1,catalogos
1,catalogo
1,catalogar
1,catalepsia
1,catadura
1,casualmente
1,castros
1,casto
1,castellos
1,castanha
1,casinhola
1,casca
1,casavam
1,casados
1,cas
1,carvoeira
1,carvalhos
1,carunchoso
1,carunchosas
1,cartel
1,carteira
1,carruagem
1,carril
1,carregando
1,carrapatos
1,carra
1,carochas
1,carnivoras
1,carniceiro
1,carnes
1,carneira
1,carnal
1,carminasse
1,caritativamente
1,caritativa
1,carinhos
1,caricias
1,caricatura
1,cariados
1,carga
1,carecia
1,cardumes
1,caranguejola
1,caramujo
1,caramanch
1,caracteristico
1,car
1,captivo
1,captivar
1,captiva
1,captasse
1,caprichoso
1,caprichosas
1,capitaes
1,capellania
1,capazes
1,cantos
1,cantora
1,cantoch
1,cantinhos
1,cantigas
1,canteiros
1,cantei
1,cantava
1,cantaria
1,cantal
1,cantado
1,canta
1,canos
1,cano
1,canna
1,canhoto
1,canhota
1,canh
1,canella
1,candura
1,candidos
1,candidatos
1,cancella
1,canalha
1,canal
1,canadas
1,can
1,camponeza
1,campina
1,campestre
1,campeche
1,camisas
1,camisa
1,caminhava
1,caminhando
1,camelias
1,cambiavam
1,cambalhotas
1,camarada
1,camara
1,camar
1,calumniou
1,calumniado
1,calumnia
1,calpren
1,callosidade
1,callo
1,callada
1,calhandro
1,calei
1,caldo
1,caldeireiros
1,caldeado
1,caldas
1,calculo
1,calcule
1,calculando
1,calcinada
1,calcanhar
1,calamitosos
1,calamitosa
1,calafeto
1,calado
1,cahoticos
1,cahiste
1,cahirias
1,cahiria
1,cahirem
1,cahindo
1,cahimos
1,cahia
1,caetano
1,cadinho
1,cadenciosa
1,cadellas
1,cadeias
1,cadeia
1,cadable
1,cach
1,cabido
1,cabiam
1,cabelleira
1,cabedal
1,cabecear
1,cabalmente
1,busco
1,buscara
1,buscando
1,buscal
1,busca
1,burrifadores
1,burlista
1,buracos
1,bulha
1,bulc
1,bugigangas
1,bugia
1,bug
1,bucolicas
1,bu
1,bruy
1,bruxedos
1,bruxas
1,bruxaria
1,brutos
1,brutalmente
1,bruscamente
1,broussais
1,brizas
1,brito
1,britannico
1,brio
1,brinquedo
1,brindo
1,brincando
1,brincam
1,brilho
1,brilha
1,brigida
1,brigadeiro
1,briga
1,brida
1,brevidade
1,breca
1,brazido
1,braza
1,braz
1,bravos
1,bravio
1,brasa
1,bras
1,brandura
1,brandos
1,branda
1,brand
1,bramia
1,brabante
1,br
1,boucles
1,bou
1,botiquineiro
1,botija
1,botes
1,botelha
1,botariam
1,bosque
1,borgonha
1,borgias
1,borges
1,boreal
1,bordoada
1,bordado
1,borbulhou
1,borbulhava
1,borbot
1,borboleta
1,bonitas
1,boninas
1,boneca
1,bonaparte
1,bombas
1,bolotas
1,bolo
1,bois
1,boileau
1,boiantes
1,boi
1,bogalhos
1,bocage
1,bocadinho
1,boc
1,bizarro
1,bispos
1,bisonhos
1,bisneto
1,bisca
1,bipedes
1,billon
1,bifurcar
1,bifurcado
1,bida
1,bicos
1,bichosos
1,bicha
1,bibliothecas
1,bibliotheca
1,bia
1,betuminosa
1,betas
1,betarraba
1,beta
1,berzabum
1,berregando
1,ber
1,benzedellas
1,benta
1,benevolo
1,benevola
1,beneplacito
1,benemeritos
1,beneficio
1,ben
1,bemdita
1,bemaventuradas
1,bellos
1,belliscados
1,belleza
1,bellesas
1,bellesa
1,belfas
1,beijei
1,beijando
1,beijado
1,beija
1,beef
1,bebias
1,bebia
1,bebeu
1,bebesse
1,beber
1,bebe
1,beatitude
1,beatas
1,batido
1,batia
1,baterem
1,batendo
1,batem
1,batalha
1,batalh
1,bastava
1,bastardia
1,bassos
1,bases
1,base
1,barroso
1,barros
1,barreira
1,barracas
1,baritono
1,barbatanas
1,barbas
1,barbaras
1,barbara
1,barbado
1,baptisada
1,banquete
1,banidas
1,banhei
1,banhavam
1,bando
1,banagouro
1,bamboar
1,balsas
1,balsamo
1,balsa
1,balou
1,balisas
1,baleia
1,balde
1,baldar
1,baldada
1,bald
1,balbuciei
1,balbuciar
1,balaustre
1,baixou
1,baixos
1,baixinha
1,baixas
1,baionetadas
1,baioneta
1,bah
1,bago
1,bagatela
1,bagagem
1,badalo
1,badalando
1,bacoreja
1,bacia
1,bacharellar
1,bacharelas
1,bacalhau
1,babylonia
1,ba
1,azulada
1,azinheira
1,azinhaga
1,aziaga
1,azevinho
1,azeite
1,azedume
1,azar
1,axiomaticas
1,avultada
1,avistei
1,avistal
1,aviso
1,avisinhou
1,avisaria
1,avisar
1,avisada
1,avidez
1,aviados
1,avessas
1,averiguei
1,averiguasse
1,averiguar
1,aventuras
1,aventuran
1,aveludado
1,avellanzeira
1,avej
1,aveio
1,ave
1,avareza
1,avaramente
1,avaliar
1,authoridade
1,authores
1,austera
1,ausente
1,aureola
1,augmentar
1,augmentando
1,augmentada
1,audacia
1,aturdido
1,attributo
1,attribuladas
1,attribuiram
1,attitudes
1,attinge
1,attila
1,atticismo
1,attentamente
1,attenta
1,attendam
1,attenda
1,attenciosas
1,atroz
1,atropelladamente
1,atrevida
1,atravessei
1,atravessamos
1,atravessada
1,atrapalhado
1,atormentado
1,atonito
1,atirei
1,atiram
1,atido
1,athanaulfo
1,athanasios
1,aterrada
1,atem
1,atearem
1,ataca
1,astucioso
1,astros
1,assustes
1,assoprado
1,assombrava
1,assolada
1,associou
1,assobios
1,assobiava
1,assobiando
1,assoando
1,assistiam
1,assisti
1,assistentes
1,assignava
1,assignatura
1,assignados
1,assignado
1,assignada
1,assentou
1,assemelhe
1,assegurava
1,assegurar
1,assegura
1,asse
1,assaz
1,assassinio
1,assassinas
1,assassinados
1,assaltou
1,assaltar
1,assaltada
1,assado
1,assacalou
1,ass
1,asquerosa
1,aspirando
1,aspirada
1,aspira
1,asperas
1,aspazia
1,aspar
1,aspando
1,aspal
1,asno
1,asnearam
1,asfixia
1,ascoso
1,asco
1,ascendentes
1,arvoredos
1,artistica
1,artistas
1,artista
1,artimanhas
1,artilheria
1,artifice
1,artes
1,arsenal
1,arrumado
1,arruma
1,arruido
1,arruda
1,arroz
1,arroto
1,arrota
1,arrojos
1,arrobamento
1,arrobado
1,arrobada
1,arriscar
1,arripiada
1,arrijar
1,arrepiasse
1,arrependo
1,arrependimento
1,arrependida
1,arrepende
1,arregala
1,arrefeci
1,arrefecendo
1,arrefec
1,arredonde
1,arredondar
1,arredondadinho
1,arrebatamento
1,arrebatadora
1,arrebatadamente
1,arre
1,arratel
1,arrastar
1,arrastado
1,arrasta
1,arranquem
1,arranjo
1,arranje
1,arranjarem
1,arranjam
1,arranjada
1,arranja
1,arrancar
1,arrancal
1,arranc
1,arraiavam
1,arraial
1,arquejando
1,arpejos
1,arouca
1,arou
1,aroma
1,arnez
1,arminhos
1,armar
1,armados
1,arma
1,arlincourt
1,aristocratica
1,aridez
1,arida
1,argumento
1,argumentasse
1,argui
1,arguciosos
1,argentinos
1,arfando
1,areia
1,ardentissimas
1,ardentes
1,ardendo
1,arde
1,archote
1,archivada
1,architectura
1,arcabusar
1,aragem
1,aquietou
1,aquietei
1,aquietavam
1,apuros
1,apupos
1,apupado
1,aproximou
1,aproximasse
1,aproveito
1,aproveitem
1,aproveite
1,aproveitamento
1,apropriar
1,apressou
1,apressando
1,apressadas
1,apresentou
1,apresentei
1,aprendi
1,aprendendo
1,aprendei
1,aprazaram
1,aprasivelmente
1,approvava
1,applicaveis
1,applicar
1,applicando
1,applical
1,applica
1,applaudiu
1,appetite
1,appensas
1,apparentado
1,apparelhar
1,apparecesse
1,appareceria
1,apparecera
1,apparecendo
1,apparecem
1,apostrophes
1,apostrophe
1,apostolos
1,apostolado
1,apoquentem
1,apontando
1,apollo
1,apodreceram
1,apiedou
1,apiedar
1,apice
1,apessoado
1,apertos
1,aperto
1,apertarmos
1,apertar
1,apertado
1,apertada
1,apegar
1,apeei
1,apeamos
1,ape
1,aparentados
1,aparando
1,apanhei
1,apanhava
1,apanhar
1,apanhando
1,apanhadas
1,apalpam
1,apaixonado
1,apaixonadas
1,apaixonada
1,apagarem
1,apagaram
1,apagar
1,apag
1,ap
1,anzonices
1,antypathias
1,antiquissimas
1,anteveja
1,anomalias
1,anoitecer
1,annunciou
1,annunciei
1,annunciando
1,annunciam
1,annuiu
1,annuira
1,annibal
1,annexos
1,aniquilamento
1,aninhe
1,animava
1,animar
1,animando
1,animadores
1,animadoras
1,animado
1,anima
1,anim
1,anil
1,anhelitos
1,angustioso
1,angustiosamente
1,angustiado
1,angulo
1,angelico
1,angelicamente
1,angeja
1,aneurysma
1,andorinhas
1,andorinha
1,andes
1,andasse
1,andaria
1,andamos
1,andamento
1,anciosos
1,ancioso
1,anciosamente
1,anciosa
1,anci
1,anceia
1,anathomia
1,anarchicos
1,analyses
1,analogia
1,amuado
1,amputada
1,ampliando
1,amplia
1,ampla
1,amparo
1,amostra
1,amos
1,amortecidos
1,amorteceram
1,amorosa
1,amorinhos
1,amoraveis
1,amisades
1,amimada
1,amiguinho
1,amiculo
1,ametade
1,america
1,amento
1,amendoas
1,ameixas
1,ambiciosa
1,ambiciona
1,amazona
1,amavel
1,amaveis
1,amavamos
1,amavam
1,amassado
1,amarrem
1,amargurado
1,amargurada
1,amargas
1,amarello
1,amarellid
1,amaram
1,amaraes
1,amanuense
1,amamo
1,amamentando
1,amam
1,amalgamicas
1,amalgama
1,amal
1,amadureceu
1,amadurece
1,amadores
1,amador
1,amadis
1,amabilidades
1,amabilidade
1,alvorecia
1,alvoreceu
1,alvorada
1,alvor
1,alvitre
1,alvito
1,alvejam
1,alveitaria
1,alvedrio
1,alvayasere
1,alvas
1,alvaiade
1,alvacento
1,alterar
1,alterado
1,alter
1,altas
1,alquebraram
1,almudena
1,almondegas
1,almoeda
1,allucinada
1,allucina
1,allivio
1,alliviarem
1,alliviar
1,allian
1,aljofar
1,alinho
1,alindassem
1,alimento
1,alimenticio
1,alimarias
1,alifafes
1,alifafe
1,aliena
1,alheios
1,alheia
1,alheado
1,algibeira
1,algemar
1,alga
1,alem
1,aleijados
1,alegrias
1,alegre
1,alcunhar
1,alcova
1,alcione
1,alcatruz
1,alcacer
1,alc
1,album
1,albito
1,albergaria
1,albard
1,alastrar
1,alas
1,alarves
1,alarve
1,alarma
1,alargasse
1,alargamento
1,alanzoar
1,alam
1,alabastro
1,ala
1,ajusto
1,ajustar
1,ajuntasse
1,ajuntar
1,ajuntando
1,ajuizada
1,ajudo
1,ajude
1,ajudante
1,ajuda
1,ajoelhei
1,ajoelhada
1,ajoelha
1,airosa
1,air
1,agudo
1,aguda
1,aguavam
1,aguamento
1,aguados
1,aguaceiro
1,agu
1,agruras
1,agro
1,agras
1,agradecido
1,agradecendo
1,agrade
1,agradaveis
1,agouro
1,agourando
1,agonisante
1,agitadamente
1,agitada
1,agiota
1,agilmente
1,aggredir
1,agatinhando
1,agatinhado
1,agastada
1,agarradas
1,aganipe
1,agadanhar
1,afugental
1,afrouxando
1,afrancezadamente
1,afoutamente
1,afortunado
1,afortunada
1,afogueado
1,afogueadas
1,afivelar
1,afigurou
1,afigura
1,affoutesas
1,afflijas
1,affligem
1,afflicto
1,afflictivamente
1,afflictissima
1,affiz
1,affirmava
1,affirmando
1,affectuosa
1,affecto
1,affectando
1,affectado
1,affecta
1,affazer
1,affagadas
1,afervorem
1,aferrolharam
1,afagava
1,afagar
1,afaga
1,adverbios
1,adventicios
1,adventicio
1,adultera
1,adulta
1,adros
1,adro
1,adr
1,adquiridos
1,adormece
1,adoravel
1,adorado
1,adorada
1,adoptou
1,adoptar
1,admittido
1,admiro
1,admiravelmente
1,admirando
1,admirado
1,admirabilissima
1,adjuncto
1,adjunctas
1,adjectivo
1,adjacentes
1,adivinhou
1,adivinharam
1,adivinhar
1,adivinhado
1,adeusinho
1,ademanes
1,adejava
1,adaptarmos
1,adaptada
1,acudir
1,acudi
1,actual
1,acta
1,acrostico
1,acrescentava
1,acrescentar
1,acreditaria
1,acredita
1,acre
1,acquisi
1,acordo
1,acordei
1,acordar
1,acontecimentos
1,acontecido
1,aconteceu
1,acontecer
1,aconselho
1,aconselhando
1,aconselham
1,aconselha
1,acondicionou
1,acompanhou
1,acompanhasse
1,acompanhar
1,acompanhadas
1,acommodada
1,acolhia
1,acolheu
1,acolheita
1,acocorada
1,aclarou
1,acizelo
1,achariam
1,acharei
1,acharam
1,achando
1,acham
1,ach
1,acerto
1,acerquei
1,acerbos
1,aceno
1,acenava
1,aceitou
1,accusador
1,accumulando
1,accumulados
1,accorde
1,accommodou
1,accommode
1,accommodar
1,accommetter
1,acclama
1,accesso
1,acceso
1,accendi
1,accendera
1,accendendo
1,acceites
1,acceite
1,acceitaria
1,acceitaes
1,acastellaram
1,acarinha
1,acanhamento
1,acampadas
1,acalorada
1,academia
1,acabo
1,acabemos
1,acabam
1,abutres
1,abutre
1,abuso
1,abundante
1,abundancia
1,absurdo
1,abstrahida
1,absorvida
1,absorvente
1,absorto
1,absolvo
1,absolvesse
1,absolutismo
1,abrissem
1,abril
1,abrigo
1,abria
1,abri
1,abre
1,abrazadas
1,abrasados
1,abras
1,abranda
1,abracei
1,aborrecidas
1,aborrecia
1,abonar
1,abonam
1,abominavel
1,abomina
1,aboim
1,abobadavam
1,abobada
1,abnega
1,abertura
1,abertas
1,aberra
1,abelha
1,abdomens
1,abbadessa
1,abauladas
1,abatida
1,abarbadas
1,abandonar
1,abanara
1,abalisados
1,abalar
1,abalado
1,abafei
1,abafados
1,abafa
1,
