3189,o
2048,de
2025,a
1427,e
1289,que
766,os
765,se
740,um
675,n
669,da
659,do
542,uma
501,em
462,as
377,com
367,d
341,como
330,s
297,dos
296,para
289,por
272,es
255,ao
250,no
241,na
238,mais
226,sua
214,das
206,ou
200,seu
198,mas
165,m
154,t
154,inglaterra
153,seus
141,esta
116,este
112,lhe
111,nos
104,elle
101,isto
101,est
99,ha
95,nas
94,p
91,sobre
91,era
90,foi
87,tem
85,arabi
83,egypto
81,suas
81,grande
80,quando
80,mesmo
78,ra
78,esse
77,entre
76,ser
74,aos
73,ainda
72,times
72,pela
72,onde
72,depois
71,sem
71,j
71,irlanda
69,f
69,europa
63,todo
63,pelo
63,nem
62,todos
62,toda
62,bem
61,r
61,londres
60,v
60,porque
60,mundo
60,essa
60,aqui
59,tudo
58,alexandria
57,l
57,inglez
57,eu
57,c
56,apenas
55,lord
52,terra
52,sempre
51,assim
49,muito
49,ent
48,parte
48,dia
47,outro
46,sob
46,homem
46,at
45,menos
45,lado
44,nunca
44,estes
44,come
43,outros
43,homens
43,annos
41,ter
41,mil
41,inglezes
41,ella
40,desde
39,livros
38,quem
38,grandes
38,beaconsfield
37,pouco
36,hoje
36,guerra
36,esses
36,dias
36,contra
36,ahi
35,tempo
35,fazer
35,estas
35,estado
35,deus
34,milh
34,essas
33,todas
33,povo
33,paiz
33,nada
33,emfim
32,tinha
32,quest
32,nome
32,momento
32,duas
31,si
31,noite
31,me
31,lhes
31,fran
31,dois
31,brazil
30,vae
30,tal
30,quasi
30,pelos
30,pach
30,natal
30,for
30,faz
29,ora
29,logo
29,litteratura
29,khediva
29,judeu
29,forte
29,dentro
29,ar
28,vida
28,europeu
27,tendo
27,tambem
27,popula
27,fez
27,elles
27,dizer
27,ados
26,sir
26,ingleza
26,imperio
26,fim
26,cidade
26,christ
25,seria
25,meio
25,jornaes
25,estava
25,agora
24,velho
24,ouro
24,crean
24,certo
24,allemanha
24,alguns
23,vezes
23,tres
23,talvez
23,social
23,resto
23,parece
23,neve
23,cada
23,alto
22,sult
22,outra
22,ordem
22,maior
22,isso
22,dar
22,casa
22,cairo
22,allem
21,tinham
21,sangue
21,quatro
21,primeiro
21,pelas
21,naturalmente
21,dez
21,deante
21,cora
21,b
20,tanto
20,pobre
20,outras
20,nosso
20,mussulmano
20,movimento
20,humanidade
20,governo
20,fellah
20,europeus
20,deve
20,bom
20,al
20,agua
19,rei
19,politica
19,pobres
19,historia
19,fortes
19,exercito
19,diz
19,coura
19,alguma
18,todavia
18,rica
18,religi
18,pois
18,olhos
18,novo
18,linhas
18,espirito
18,eram
18,cousa
18,ca
18,arabe
18,anno
17,temos
17,simples
17,season
17,opini
17,mesma
17,mar
17,liga
17,john
17,id
17,ferro
17,dous
17,cousas
17,aquella
17,alli
16,verde
16,typo
16,torno
16,portugal
16,policia
16,poder
16,nobre
16,nilo
16,luz
16,linha
16,jesus
16,inverno
16,india
16,havia
16,gra
16,gladstone
16,fundo
16,estrangeiro
16,effeito
16,durante
16,civilisa
15,william
15,sociedade
15,res
15,polonia
15,podia
15,moral
15,modo
15,melhor
15,manh
15,lei
15,ir
15,imagina
15,genio
15,fome
15,fallar
15,exemplo
15,el
15,egypcio
15,doze
15,desgra
15,decerto
15,cinco
15,caminho
15,apesar
15,antes
15,algum
14,voz
14,trabalho
14,tornou
14,situa
14,sido
14,seculo
14,ruas
14,revolu
14,official
14,necessario
14,fl
14,feito
14,estrangeiros
14,egypcios
14,disraeli
14,dinheiro
14,campos
14,bull
14,auctoridade
14,arte
14,agraria
13,verdade
13,snr
13,seja
13,sala
13,romance
13,rainha
13,qual
13,proprio
13,principe
13,obras
13,nossos
13,nenhum
13,natureza
13,ministro
13,milhares
13,longe
13,logar
13,justamente
13,judeus
13,horas
13,fogo
13,fica
13,famoso
13,facto
13,existencia
13,emquanto
13,deserto
13,contos
13,camara
13,bra
13,bella
13,arabes
13,ado
12,tropas
12,traz
12,torna
12,sorte
12,sobretudo
12,simplesmente
12,seymour
12,sei
12,santo
12,sabe
12,resultado
12,qualquer
12,propriedade
12,ponto
12,passa
12,palavra
12,oriente
12,nova
12,nacional
12,miseria
12,mente
12,luxo
12,irlandez
12,interesses
12,gosto
12,fazendo
12,egypcia
12,duque
12,ceu
12,cabe
12,bocca
12,bismarck
12,am
12,almirante
11,volta
11,vem
11,vasta
11,vaga
11,teve
11,sol
11,servi
11,ruinas
11,rmas
11,realmente
11,quanto
11,publica
11,pensar
11,penna
11,peior
11,passar
11,partido
11,pariz
11,outr
11,meu
11,mesmos
11,meia
11,maneiras
11,mahomet
11,lords
11,livro
11,libras
11,lettras
11,jornal
11,interior
11,ia
11,frio
11,frente
11,fizeram
11,falla
11,facil
11,espada
11,discurso
11,colonia
11,cidades
11,cem
11,caso
11,canal
11,campo
11,campanha
11,beira
11,arthur
11,amor
11,alta
10,vinte
10,vez
10,vendo
10,valle
10,vago
10,u
10,terras
10,sul
10,senhor
10,sen
10,seis
10,sal
10,rte
10,regimentos
10,raz
10,quer
10,primeira
10,pra
10,possivel
10,portuguez
10,perante
10,paz
10,patriota
10,odio
10,numero
10,nomes
10,ninguem
10,nenhuma
10,mollie
10,ministerio
10,mesa
10,maneira
10,mal
10,invas
10,influencia
10,ilha
10,general
10,ficou
10,falta
10,fa
10,existe
10,estou
10,estavam
10,espectaculo
10,deu
10,deixar
10,cima
10,christo
10,canto
10,branco
10,attitude
10,artigo
10,alma
10,algumas
10,aguas
9,viu
9,velha
9,uns
9,universo
9,tanta
9,tancredo
9,taes
9,superiores
9,suez
9,solo
9,soldados
9,segundo
9,sciencia
9,sabem
9,rua
9,rma
9,riqueza
9,rendeiro
9,regimen
9,reformas
9,redonda
9,propria
9,pr
9,portanto
9,poeta
9,phrase
9,personagens
9,passou
9,paix
9,nossa
9,negro
9,morte
9,mim
9,mehemet
9,massa
9,lo
9,leicester
9,islam
9,irlandezes
9,interesse
9,institui
9,imprensa
9,honra
9,grandeza
9,furor
9,francezes
9,foram
9,feliz
9,fazem
9,famosa
9,face
9,estar
9,estamos
9,dizem
9,direito
9,depressa
9,delta
9,costumes
9,continente
9,constituem
9,commercio
9,coisa
9,chama
9,carta
9,can
9,caf
9,brazileiro
9,aquelles
9,anarchia
9,allah
9,ali
9,africa
8,z
8,vinha
8,veneravel
8,velhos
8,triste
8,teria
8,sse
8,solemne
8,setembro
8,sequer
8,sentimento
8,sente
8,sendo
8,rosa
8,romances
8,rico
8,resta
8,respeito
8,repente
8,realidade
8,quinze
8,queria
8,pura
8,publicos
8,prosa
8,proprietario
8,progresso
8,popular
8,pontos
8,poetas
8,pequenos
8,pensando
8,passado
8,parque
8,parlamento
8,parecia
8,papel
8,palacio
8,paginas
8,outubro
8,orsay
8,orgulho
8,officiaes
8,obra
8,nossas
8,navios
8,natural
8,mezes
8,males
8,maguire
8,lisboa
8,largo
8,lan
8,lady
8,ideia
8,grito
8,geral
8,gente
8,fosse
8,finan
8,filho
8,ficar
8,etc
8,esfor
8,energia
8,encanto
8,ellas
8,duvida
8,dizia
8,destinos
8,democracia
8,dava
8,coronel
8,conflicto
8,coisas
8,classes
8,chefes
8,certos
8,castello
8,cabellos
8,bello
8,belleza
8,bairro
8,bahia
8,assumpto
8,associa
8,armas
8,aristocracia
8,america
8,amea
8,afghanistan
8,admira
7,viver
7,vir
7,viagens
7,valor
7,ultimos
7,tribunaes
7,trez
7,tra
7,tornando
7,tivesse
7,tenho
7,tarde
7,superior
7,sonho
7,soldado
7,senhoras
7,semi
7,santa
7,sabios
7,saber
7,rio
7,resposta
7,reclama
7,quero
7,quaes
7,presen
7,potencias
7,peito
7,pe
7,patria
7,palavras
7,nove
7,norte
7,negros
7,mulher
7,muitos
7,mez
7,messias
7,meetings
7,mediterraneo
7,manter
7,longo
7,litteraria
7,liberal
7,ler
7,junho
7,judaica
7,ismail
7,imperial
7,humano
7,gera
7,francez
7,formidavel
7,filhos
7,fenians
7,felicidade
7,feita
7,express
7,estados
7,esquadras
7,esquadra
7,enormes
7,enorme
7,encontra
7,egreja
7,edade
7,duro
7,dever
7,declara
7,dando
7,custa
7,crescente
7,costas
7,costa
7,correspondente
7,constitue
7,conservadores
7,consciencia
7,conde
7,cincoenta
7,chefe
7,champagne
7,ch
7,cesar
7,certamente
7,centro
7,califa
7,bombardeamento
7,blenington
7,benjamin
7,basta
7,azul
7,apparece
7,amigos
7,amavel
7,alteza
7,aldeia
7,administra
6,vivos
6,vivian
6,vive
6,viagem
6,verdadeira
6,vento
6,vapor
6,us
6,ultimo
6,turno
6,tristes
6,trabalhadores
6,trabalhador
6,touriste
6,toma
6,tiveram
6,tirar
6,territorio
6,templo
6,tavola
6,tantos
6,sympathia
6,sr
6,sombra
6,sobrecasaca
6,silencio
6,severo
6,sete
6,semente
6,semanas
6,semana
6,selvagem
6,sar
6,santos
6,sabia
6,russia
6,ricos
6,ricas
6,republica
6,renda
6,querem
6,provincia
6,prova
6,prosperidade
6,propheta
6,programma
6,principes
6,primeiros
6,pretexto
6,pre
6,pratico
6,poucos
6,posto
6,politico
6,politicas
6,poesia
6,plebe
6,philosophos
6,pessoal
6,pesca
6,perigo
6,pequeno
6,patriotas
6,parques
6,paris
6,pap
6,paizes
6,pagina
6,origem
6,oriental
6,ordinariamente
6,olhar
6,occupa
6,note
6,negra
6,necessidade
6,multid
6,mulheres
6,muitas
6,muita
6,motivo
6,monte
6,mont
6,militar
6,meus
6,mesquitas
6,menor
6,marcha
6,machinas
6,longa
6,lista
6,liberdade
6,levar
6,largas
6,lama
6,junto
6,jehad
6,irm
6,inferior
6,indigna
6,impostos
6,illustre
6,hora
6,hia
6,haver
6,habita
6,guerras
6,gr
6,gazeta
6,gaz
6,frota
6,fronteira
6,feudal
6,festa
6,fei
6,fatal
6,expuls
6,evidentemente
6,estrada
6,estadista
6,espa
6,escossia
6,enthusiasmo
6,encarna
6,empregados
6,egoismo
6,duzentos
6,domestica
6,doce
6,divida
6,devia
6,deixa
6,damas
6,curioso
6,courbach
6,cornwall
6,cor
6,consul
6,conferencia
6,columnas
6,club
6,clero
6,claus
6,classe
6,civiliza
6,cidad
6,cheia
6,cavallos
6,cavalleiros
6,casas
6,carreira
6,cadeira
6,burguezia
6,batalha
6,barbas
6,bandeira
6,balas
6,av
6,atravez
6,atrav
6,artigos
6,apresenta
6,apoiado
6,alegria
6,agita
6,adas
6,ada
6,ac
6,abrir
5,yacht
5,vontade
5,vil
5,victoria
5,vestidos
5,vasto
5,turco
5,turca
5,triumphante
5,tribus
5,tradi
5,tornar
5,tomar
5,tivessem
5,titulos
5,terror
5,tempos
5,systema
5,succede
5,street
5,standard
5,somos
5,sombras
5,sociaes
5,sim
5,sentir
5,sensa
5,senhores
5,senhora
5,sejam
5,seculos
5,secco
5,saxonia
5,salom
5,sahir
5,sabor
5,ruido
5,romancista
5,roma
5,riquezas
5,revolta
5,restabelecer
5,rendeiros
5,rela
5,reis
5,reino
5,regi
5,ramagens
5,radical
5,querendo
5,quarenta
5,publico
5,proprietarios
5,propor
5,principalmente
5,presente
5,preoccupa
5,prata
5,possue
5,portas
5,ponta
5,politicos
5,poderiam
5,plano
5,pessoas
5,perto
5,pertence
5,periodo
5,perigos
5,perdeu
5,per
5,pequena
5,pensa
5,pelle
5,paysagem
5,pavilh
5,passo
5,passam
5,pall
5,paga
5,pae
5,oitenta
5,offerece
5,occupar
5,numeros
5,noticias
5,nevoa
5,necessita
5,nacionalidade
5,mussulmanos
5,mostra
5,morrer
5,monstro
5,moda
5,miserias
5,miseravel
5,milhas
5,manda
5,mall
5,lume
5,longos
5,linda
5,li
5,leva
5,lenda
5,land
5,lagrimas
5,juntar
5,jardins
5,jantar
5,israelita
5,irrita
5,intellectual
5,inglezas
5,indias
5,independencia
5,immediatamente
5,ii
5,humana
5,houve
5,hostil
5,hombros
5,hombro
5,hollanda
5,heroe
5,harcourt
5,habil
5,h
5,guinevra
5,grouse
5,grosso
5,grave
5,gloria
5,gentleman
5,fria
5,fossem
5,fino
5,festas
5,fazia
5,fazenda
5,far
5,familia
5,fama
5,facilmente
5,facecia
5,extraordinario
5,explica
5,exigencias
5,etiqueta
5,estylo
5,espiritos
5,esperan
5,escrever
5,erguer
5,entrada
5,encontrar
5,emtanto
5,edi
5,dura
5,domestico
5,dividas
5,discursos
5,direitos
5,dir
5,dignidade
5,differentes
5,devo
5,devem
5,detalhes
5,destruir
5,delicioso
5,deixou
5,deixando
5,dan
5,curiosas
5,cruz
5,crea
5,correr
5,coroneis
5,coragem
5,continua
5,contin
5,contam
5,conta
5,consules
5,constitui
5,constitucional
5,consideravel
5,congresso
5,confus
5,condi
5,comsigo
5,complica
5,coacto
5,claro
5,circumstancias
5,chuva
5,chegar
5,chegada
5,certeza
5,ceremonial
5,cavalleiro
5,cavalheiros
5,castellos
5,casos
5,caro
5,canh
5,cahir
5,cabo
5,boas
5,berlim
5,bebe
5,beauchamp
5,baterias
5,base
5,bandeiras
5,baixo
5,avalia
5,ava
5,assembl
5,aspecto
5,artista
5,aquelle
5,apparecem
5,antigo
5,anti
5,ando
5,algod
5,alcor
5,ah
5,acampamento
5,abre
4,volumes
4,volume
4,voltar
4,vivo
4,viva
4,vista
4,vieram
4,victor
4,via
4,vastas
4,vagares
4,universal
4,unico
4,unica
4,umas
4,ulemas
4,typos
4,turba
4,tunis
4,tu
4,tropa
4,triumpho
4,tributo
4,tremendo
4,tremenda
4,treme
4,trabalhos
4,torre
4,tomado
4,titulo
4,texto
4,tenha
4,tenebrosa
4,temperamento
4,syria
4,stuart
4,spectator
4,sorriso
4,sorrir
4,soph
4,somma
4,solemnidade
4,soffre
4,setim
4,servos
4,sentimentos
4,semitico
4,secca
4,scientifica
4,ruina
4,romano
4,rir
4,rios
4,rhetorica
4,representa
4,repouso
4,reparti
4,rendas
4,religioso
4,religiosa
4,relevo
4,regia
4,refor
4,redor
4,receita
4,recebido
4,receber
4,real
4,raras
4,raposa
4,rapidamente
4,rancor
4,ramos
4,ram
4,quarto
4,qualidades
4,puramente
4,publicados
4,proprios
4,propriedades
4,proletariado
4,professor
4,principios
4,prepara
4,prende
4,prados
4,possuindo
4,possuia
4,posse
4,possa
4,portuguezes
4,porta
4,port
4,popularidade
4,pompa
4,polaco
4,poema
4,pittoresco
4,phrases
4,philosopho
4,persegui
4,perdido
4,percival
4,pensamento
4,pedras
4,patriotica
4,particular
4,parizienses
4,panno
4,pagar
4,pag
4,original
4,oito
4,oh
4,oeste
4,occasi
4,objecto
4,nutre
4,noites
4,negras
4,necessidades
4,nascido
4,monumento
4,momentos
4,mo
4,mero
4,mercado
4,meios
4,massacre
4,marselha
4,marmore
4,marinha
4,manifesta
4,manchester
4,mam
4,malta
4,maio
4,magestade
4,madrugada
4,lucta
4,loura
4,logica
4,linguagem
4,levando
4,lettra
4,len
4,leitores
4,legoas
4,legenda
4,legal
4,lancelote
4,lamentavel
4,lago
4,lados
4,labios
4,la
4,justi
4,jo
4,jehovah
4,janella
4,janeiro
4,italia
4,inven
4,intriga
4,intoleravel
4,intelligente
4,inteiro
4,integridade
4,insurrei
4,instante
4,infeliz
4,industrial
4,incendio
4,in
4,imaginem
4,imagem
4,ilhas
4,ideias
4,i
4,hugo
4,houvesse
4,honesto
4,haja
4,habitos
4,habilidade
4,guarda
4,gritos
4,grey
4,governou
4,governar
4,globo
4,gasta
4,garnet
4,furioso
4,fundos
4,fronte
4,francos
4,franceza
4,fraco
4,fortifica
4,fina
4,felizes
4,fallo
4,fallam
4,fadas
4,extasi
4,excesso
4,excellente
4,evidente
4,estudo
4,estranha
4,especie
4,escuro
4,escriptorios
4,escreveu
4,erin
4,erguendo
4,entrincheirado
4,entrar
4,endymion
4,empregado
4,eloquencia
4,elegantes
4,educa
4,duques
4,doutrina
4,divindade
4,disse
4,digo
4,diabo
4,deveria
4,destrui
4,destino
4,desprezo
4,desejo
4,desagradavel
4,dervich
4,defesa
4,defender
4,declarar
4,declarado
4,dado
4,dada
4,cujo
4,criticos
4,critica
4,cricket
4,creio
4,credito
4,creaturas
4,correspondentes
4,correm
4,controversia
4,constitucionaes
4,constantinopla
4,considerar
4,considera
4,conservando
4,conhecido
4,conhecida
4,conhece
4,congressos
4,concorrencia
4,conclus
4,comprehender
4,comprehendem
4,complicada
4,commercial
4,colera
4,cobrir
4,coberta
4,classico
4,chicote
4,chic
4,chega
4,chap
4,cerca
4,centenares
4,ceia
4,causa
4,catholico
4,catastrophe
4,cartas
4,caracter
4,capital
4,calma
4,cahida
4,cabul
4,cabana
4,burgueza
4,browning
4,britannico
4,brilho
4,brilhante
4,branca
4,bot
4,bordo
4,bons
4,bolsa
4,biblia
4,belgica
4,bater
4,bardos
4,barbaros
4,barbara
4,aves
4,austria
4,atten
4,artilharia
4,areia
4,areaes
4,apparencia
4,antigos
4,antiga
4,ante
4,annualmente
4,annual
4,anjos
4,anglo
4,anciosamente
4,amos
4,ambos
4,amado
4,almas
4,alliados
4,alguem
4,alfandega
4,ald
4,ai
4,agitadores
4,affirma
4,adora
4,admirar
4,achava
4,acha
4,absolutamente
4,abominavel
3,zola
3,yachts
3,xix
3,wolseley
3,waterloo
3,vossos
3,vivendo
3,visinho
3,violencia
3,vinho
3,vingan
3,vindo
3,villas
3,villa
3,vigor
3,viajante
3,vi
3,vestir
3,vestida
3,vesperas
3,verbo
3,ventre
3,venda
3,vencido
3,velhas
3,veja
3,vastos
3,vastid
3,vantagem
3,vamos
3,vagas
3,vadio
3,uteis
3,usual
3,uso
3,usar
3,usa
3,unidade
3,ultimas
3,turquia
3,turbulento
3,tunica
3,tumultuosa
3,trinta
3,traziam
3,tratava
3,tratados
3,tranquillamente
3,tranquilla
3,tradic
3,trabalhar
3,trabalhando
3,torrentes
3,torrente
3,torr
3,tornava
3,toneladas
3,tomou
3,tom
3,toleravel
3,toilette
3,tiro
3,theatro
3,theatraes
3,terrivel
3,terriveis
3,terem
3,tennyson
3,templos
3,telegraphos
3,telegrammas
3,tel
3,tamanho
3,talento
3,supremo
3,supplicios
3,superioridade
3,sufficiente
3,suecia
3,subtil
3,sport
3,soube
3,somno
3,solu
3,solemnes
3,soffrimento
3,soffrer
3,sof
3,singular
3,sincero
3,sidonia
3,shakspeare
3,sessenta
3,servid
3,serralho
3,seriam
3,sentia
3,senso
3,sensibilidade
3,seguinte
3,seguido
3,seculares
3,secular
3,sciencias
3,scena
3,satisfazer
3,satisfactoria
3,sarcastica
3,salutar
3,salas
3,said
3,sagrado
3,sacripanta
3,saborear
3,sabio
3,sabias
3,sabedoria
3,rutilante
3,rude
3,romantica
3,romana
3,roast
3,ro
3,risco
3,ria
3,revista
3,reunir
3,resumo
3,restos
3,restaurar
3,restaurante
3,responsabilidades
3,responsabilidade
3,respondeu
3,respeitavel
3,resolver
3,reputa
3,repugna
3,repete
3,rendimento
3,relvas
3,religiosidade
3,relativamente
3,regent
3,reformador
3,recome
3,recolher
3,reclame
3,recanto
3,re
3,ras
3,raro
3,ramo
3,ramleh
3,rainhas
3,radiante
3,quinta
3,querida
3,queriam
3,quatrocentos
3,quarta
3,qualidade
3,puro
3,punhos
3,providencia
3,proveito
3,prov
3,protestos
3,protestantismo
3,proteger
3,protec
3,prossegue
3,prospera
3,prophetas
3,prompto
3,promover
3,profiss
3,professores
3,produzir
3,producto
3,prodigiosa
3,proclamar
3,privilegios
3,preten
3,prestigio
3,presta
3,pressa
3,preparando
3,pregui
3,prazer
3,praticas
3,praias
3,pouca
3,potencia
3,postos
3,posso
3,posi
3,porto
3,poemas
3,poderoso
3,poderosa
3,poderia
3,pleno
3,plena
3,pingue
3,pilhagem
3,piedoso
3,peso
3,pesado
3,personalidade
3,personagem
3,perna
3,permittem
3,penhora
3,pendem
3,pedro
3,pedindo
3,pedia
3,peda
3,pastora
3,passos
3,partir
3,partilhar
3,partida
3,partem
3,parnell
3,parlamentar
3,pares
3,paraizo
3,paquetes
3,pantano
3,pamphletos
3,pallida
3,paletot
3,paladino
3,palacios
3,pagava
3,pagam
3,pacificar
3,paciencia
3,outomno
3,ousaria
3,ortolan
3,originalidade
3,ordens
3,oratoria
3,orador
3,opera
3,olha
3,oiro
3,officialmente
3,offerecer
3,odioso
3,occupado
3,occupada
3,observar
3,observa
3,obscuro
3,nuvens
3,nuvem
3,novella
3,notas
3,nobres
3,netos
3,nervo
3,necessariamente
3,nascer
3,nacionaes
3,mysterio
3,murmurou
3,muralhas
3,municipal
3,mostrava
3,mostrando
3,morre
3,monumentos
3,modred
3,modos
3,moderno
3,mistletoe
3,miseraveis
3,ministros
3,minha
3,menores
3,memorias
3,melodrama
3,melhoramentos
3,melancholia
3,mediocres
3,media
3,meca
3,matou
3,massi
3,margens
3,mares
3,marchando
3,maravilhoso
3,maravilhas
3,manto
3,mandar
3,maiores
3,lupanares
3,lunch
3,luminosa
3,lugubre
3,louros
3,lothario
3,lojas
3,loja
3,livre
3,litteraturas
3,listas
3,linguas
3,lingua
3,lindas
3,lido
3,liberais
3,levou
3,levado
3,letras
3,lentamente
3,leis
3,legalidade
3,le
3,labio
3,kebir
3,justos
3,justo
3,junior
3,judicial
3,judaico
3,joias
3,joelhos
3,jerusalem
3,italianos
3,israelitas
3,irlandeza
3,ipso
3,intima
3,interiores
3,interessar
3,interessante
3,inteiramente
3,inteira
3,inspirar
3,inquieta
3,inoffensiva
3,injurias
3,influencias
3,infelizmente
3,infantil
3,inesperado
3,indifferente
3,incessantemente
3,impulso
3,impress
3,impossivel
3,impor
3,immundo
3,immenso
3,imaginar
3,imagens
3,iii
3,igualmente
3,ideal
3,iam
3,hotel
3,hostis
3,hospede
3,horror
3,horda
3,home
3,heroico
3,heroes
3,harmonia
3,habitantes
3,gula
3,guia
3,grossas
3,gritando
3,gregos
3,graves
3,granville
3,granito
3,grandiosa
3,governando
3,governador
3,gordo
3,gordas
3,ghasnat
3,gentil
3,genios
3,generosos
3,generosidade
3,generosa
3,gazetas
3,gambetta
3,futuro
3,futura
3,funda
3,funccionarios
3,fresca
3,francezas
3,fortunas
3,folhas
3,fogueira
3,foge
3,fluctuando
3,flammejar
3,fizesse
3,ficava
3,ficam
3,ferocidade
3,fellahs
3,feitas
3,fecundas
3,fazerem
3,fazendas
3,favorito
3,favoravel
3,favor
3,farrapos
3,fardos
3,fanatismo
3,fanaticos
3,familias
3,faltar
3,fallando
3,fabula
3,fabrica
3,extraordinarios
3,expulso
3,expulsa
3,explorado
3,explicar
3,exclusivamente
3,excita
3,excessiva
3,excep
3,exactamente
3,evangelho
3,europ
3,estupido
3,estudos
3,estudar
3,estrondo
3,estreita
3,estrangeira
3,estivessem
3,estivesse
3,estandarte
3,estampa
3,esquecer
3,esque
3,esplendor
3,espiritual
3,espessura
3,esperar
3,esperando
3,escuras
3,escripto
3,escola
3,erro
3,ergue
3,epop
3,epocha
3,episodios
3,episodio
3,enxovia
3,enxada
3,envolvido
3,entravam
3,enredo
3,engra
3,encontram
3,encher
3,encaderna
3,empregos
3,emprego
3,eminente
3,emigra
3,embara
3,eleva
3,electrica
3,egypcias
3,egual
3,editores
3,duzentas
3,dumas
3,doutores
3,doces
3,divino
3,divina
3,divertido
3,disciplina
3,dirigiu
3,dirigia
3,direita
3,diplomatico
3,diplomatica
3,difficil
3,differente
3,diario
3,detalhe
3,desembarcar
3,desdem
3,descrip
3,descobriu
3,descendente
3,deputados
3,dem
3,deixam
3,dedos
3,decima
3,davam
3,dante
3,dandy
3,dama
3,daily
3,curiosos
3,curiosidade
3,cultura
3,culto
3,culta
3,crosta
3,crimes
3,crime
3,creados
3,craneo
3,cr
3,corria
3,corresponde
3,corredor
3,corre
3,corpo
3,convinha
3,contrario
3,contendo
3,contemporanea
3,cont
3,constantemente
3,consola
3,consistia
3,considerava
3,conservava
3,conserva
3,consentir
3,consegue
3,conquistar
3,conjunto
3,confuso
3,conforto
3,condado
3,comprido
3,comprehende
3,comprar
3,competia
3,compara
3,comp
3,communs
3,commentarios
3,combater
3,colossal
3,colonias
3,collina
3,colheitas
3,cobertos
3,clubs
3,classicos
3,claros
3,clar
3,civilisado
3,civil
3,cigarro
3,chypre
3,chumbo
3,chronica
3,christmas
3,chester
3,cheios
3,cheio
3,chegou
3,chamam
3,certas
3,cerco
3,cercado
3,celebre
3,cedo
3,cavallo
3,cavallaria
3,causas
3,catholica
3,casus
3,casto
3,casaca
3,carvalho
3,cartorio
3,carruagem
3,carne
3,carlos
3,carcere
3,caracteres
3,caracas
3,capella
3,capaz
3,cantam
3,candahar
3,canalha
3,caminhos
3,caminhando
3,caminha
3,camelos
3,cal
3,cahiu
3,caerleon
3,cachimbo
3,brutal
3,browninguistas
3,britannica
3,brilhantes
3,breve
3,bravo
3,brancas
3,boulevard
3,bonnet
3,bonecos
3,bomba
3,birds
3,besta
3,ben
3,bellos
3,belli
3,bellas
3,beijo
3,beef
3,beduino
3,be
3,barbaro
3,barba
3,banqueiros
3,banqueiro
3,bando
3,bala
3,bakounine
3,bairros
3,azhar
3,aventuras
3,aventura
3,autonomia
3,australia
3,augusto
3,attentado
3,atroz
3,atraz
3,atirar
3,athenas
3,assucar
3,aspira
3,asia
3,arvores
3,artistas
3,artes
3,arremessando
3,arranque
3,arrancar
3,arrancam
3,armada
3,aria
3,areias
3,architectura
3,aram
3,arado
3,aquillo
3,apresentar
3,apresentado
3,apparecia
3,appareceu
3,appareceram
3,apparecer
3,apotheose
3,apollo
3,antiguidade
3,antigas
3,aniquila
3,anha
3,americano
3,altura
3,alforges
3,alegre
3,alarido
3,agrarias
3,agiotas
3,agiota
3,agentes
3,adubos
3,adamente
3,actividade
3,achou
3,accordo
3,abusos
3,abundancia
3,abundam
3,abertura
3,aberta
3,abaixo
2,yorkshire
2,xiv
2,wight
2,whist
2,westminster
2,walhalla
2,voltou
2,voltemos
2,voltaram
2,vivido
2,viviam
2,vivem
2,vivamente
2,vistoso
2,visitava
2,visitar
2,visinhos
2,virtudes
2,virgilio
2,virgem
2,viram
2,violenta
2,viola
2,vinham
2,vingar
2,vindos
2,vienna
2,victoriosa
2,victima
2,vicios
2,vicio
2,viaja
2,vetusta
2,vestigio
2,vestido
2,vespera
2,verve
2,verniz
2,vermelho
2,vergeis
2,verdes
2,verdadeiras
2,verdadeiramente
2,ver
2,venus
2,venho
2,venha
2,venerar
2,venera
2,vejam
2,veio
2,veia
2,veem
2,vedeta
2,vassalos
2,varandas
2,vantagens
2,vadios
2,vacca
2,va
2,util
2,usk
2,usando
2,urze
2,urso
2,universidades
2,uniforme
2,unidos
2,unicamente
2,ultimatum
2,ultima
2,tumultos
2,tumulto
2,tubas
2,trope
2,trocar
2,triviaes
2,triumphos
2,tristeza
2,tristemente
2,tricolor
2,trezentos
2,trezentas
2,tresentos
2,trazido
2,trazia
2,tratando
2,transparentes
2,transcrevel
2,transcendentes
2,tranquillos
2,tran
2,traidor
2,traduzir
2,tradicional
2,tradicionaes
2,trabalham
2,trabalhadora
2,tr
2,total
2,torpor
2,torpe
2,torneio
2,tornara
2,torn
2,tomava
2,toga
2,tocando
2,tire
2,tiracollo
2,tira
2,tipoias
2,tio
2,tintagil
2,tin
2,tijolo
2,thiers
2,thesouro
2,theorias
2,thackeray
2,textual
2,terreno
2,ternura
2,terminando
2,teriamos
2,terceiro
2,tepida
2,tenor
2,tenham
2,tendencias
2,tende
2,tenda
2,temperamentos
2,temer
2,telegraph
2,teem
2,tecto
2,tecidos
2,tardar
2,talentos
2,ta
2,systematicamente
2,systemas
2,synagoga
2,symbolico
2,suspiro
2,suspenso
2,suspender
2,suspeita
2,surprehender
2,surgiram
2,surge
2,surdamente
2,suprema
2,suppress
2,superficie
2,suor
2,sujeito
2,suja
2,suissas
2,suissa
2,sufficientes
2,sufficientemente
2,successos
2,successivamente
2,succedeu
2,subitamente
2,subir
2,subindo
2,stock
2,ss
2,sports
2,spencer
2,soudan
2,sou
2,somnolencia
2,sombrio
2,som
2,soltou
2,soltando
2,solos
2,solida
2,soldos
2,soldo
2,sofreguid
2,soffriam
2,soffria
2,soffrem
2,socialistas
2,soccorro
2,sobrio
2,sobrenatural
2,soberbo
2,soberba
2,soberano
2,sitiado
2,sinistra
2,singularmente
2,sinecuras
2,sinceramente
2,significa
2,sicilia
2,siberia
2,shake
2,setenta
2,servir
2,servia
2,servem
2,serranias
2,seres
2,serena
2,sentiu
2,sentimentalidade
2,sentido
2,senten
2,senhorio
2,seita
2,seguro
2,seguidos
2,seguida
2,segredos
2,seda
2,secreto
2,secretarios
2,secretamente
2,seccas
2,seasons
2,scherife
2,scherif
2,scenas
2,scenario
2,saxonio
2,satisfeito
2,satisfa
2,salvar
2,salva
2,salv
2,salteadores
2,salisbury
2,sahindo
2,sagradas
2,sagrada
2,sagaz
2,sacode
2,sacerdote
2,sabre
2,sabendo
2,sabemos
2,sabbath
2,russo
2,rulers
2,ruidoso
2,ruidosa
2,roubar
2,rothchilds
2,rosas
2,rompeu
2,romper
2,rompe
2,rolando
2,rola
2,rochedo
2,rochas
2,rocha
2,rmam
2,riso
2,rigida
2,riem
2,ridiculo
2,revolucionarios
2,revolucionario
2,revistas
2,reverente
2,revelando
2,revelada
2,reunem
2,retratos
2,resumos
2,resultados
2,restam
2,ressurrei
2,respondia
2,responder
2,resplandecente
2,respeitosos
2,respeite
2,respeitar
2,respeitabilidade
2,resistencia
2,requintado
2,requintada
2,requer
2,republicas
2,reproduc
2,representava
2,repousavam
2,repetir
2,remedio
2,reluzindo
2,relogio
2,reliquia
2,regosijo
2,regimento
2,regatas
2,rega
2,refugiam
2,refugiado
2,reformar
2,reforma
2,refazer
2,reduzir
2,rede
2,recusa
2,recursos
2,reconhecer
2,recompensar
2,recompensa
2,recommenda
2,recolhe
2,recentes
2,recente
2,receiando
2,receia
2,recebia
2,receberia
2,recebe
2,recantos
2,rebu
2,rebelli
2,rebeldes
2,rebelde
2,rebanhos
2,realizar
2,realisa
2,rara
2,rapina
2,rapariga
2,ramalhete
2,raiva
2,raio
2,radicaes
2,rabbino
2,quizessem
2,quizesse
2,quizeram
2,quiz
2,quintalejo
2,quieto
2,querido
2,quereria
2,quentes
2,quente
2,quelle
2,quella
2,queixas
2,queixa
2,quantas
2,quanta
2,quadrilhas
2,qu
2,pyat
2,puzeram
2,puritana
2,punir
2,punho
2,punham
2,punhal
2,punch
2,pudessem
2,pudesse
2,pudding
2,publicou
2,publicidade
2,publicas
2,prudente
2,proximo
2,provincias
2,proventos
2,proudhon
2,protesto
2,protestante
2,protectorado
2,prosseguia
2,prosador
2,proprias
2,propoz
2,proposito
2,propheticas
2,promptos
2,promessas
2,promessa
2,proletario
2,projecto
2,profundamente
2,profunda
2,produziu
2,produzido
2,produz
2,produc
2,prodigiosas
2,procurando
2,procurador
2,procura
2,prociss
2,processo
2,principio
2,principaes
2,primitiva
2,primeiras
2,primavera
2,prima
2,pretens
2,pretende
2,presentes
2,prejuizo
2,prefiro
2,preferiria
2,predica
2,precisa
2,precipitando
2,precioso
2,precau
2,praguejar
2,pousada
2,poude
2,posti
2,posterior
2,possuidores
2,possuem
2,possess
2,positivistas
2,pose
2,portugueza
2,poriam
2,popularizado
2,popularisada
2,pondo
2,poncio
2,poltrona
2,poetico
2,poeticas
2,podre
2,podiam
2,podendo
2,planos
2,planicie
2,pl
2,pittorescas
2,pittorescamente
2,pinturas
2,pintura
2,pinta
2,pilatos
2,piedade
2,piano
2,philosophia
2,peti
2,pesco
2,pesada
2,perversas
2,perturbar
2,perturbador
2,personifica
2,permitte
2,permitem
2,permanecem
2,permanece
2,perguntava
2,perguntar
2,perfil
2,perfeito
2,perfeitamente
2,peregrina
2,perdidos
2,perder
2,perde
2,perda
2,perd
2,percorrendo
2,perceber
2,pense
2,peninsula
2,penetrar
2,pelles
2,pedregulho
2,pede
2,pedantismo
2,patriarchal
2,paternal
2,patagonios
2,pastor
2,passeiar
2,passava
2,passaro
2,passando
2,passagem
2,pasmo
2,partidas
2,particularmente
2,parede
2,pareceu
2,parecer
2,parecem
2,pardo
2,parcella
2,paraiso
2,papelucho
2,papeis
2,papa
2,panico
2,panella
2,palmyra
2,palmos
2,palmerston
2,palhas
2,palco
2,palacetes
2,paises
2,paisagens
2,pago
2,pagando
2,pagae
2,padres
2,pachalato
2,pacato
2,pa
2,ouvir
2,ousam
2,ornada
2,originaes
2,orgulhoso
2,orgia
2,organisou
2,organisando
2,organisado
2,org
2,orelha
2,opprimida
2,opportunidade
2,operas
2,operario
2,ondas
2,on
2,omar
2,olympo
2,olho
2,olhares
2,offerecem
2,offende
2,of
2,odiosa
2,odeia
2,oculos
2,obter
2,observando
2,objectivo
2,obedecer
2,nupcial
2,numeroso
2,novos
2,novellas
2,novas
2,noticia
2,notavel
2,nota
2,normandia
2,noivos
2,nobreza
2,nivel
2,nitida
2,nihilismo
2,nestes
2,nervos
2,negocio
2,negar
2,necessaria
2,nebuloso
2,naturaes
2,nariz
2,napole
2,namora
2,nacionalidades
2,mysticas
2,mystica
2,mussulmana
2,musica
2,murri
2,murmurios
2,murmurio
2,murmurar
2,muni
2,mundos
2,mulherinhas
2,mudan
2,move
2,mostravam
2,mostrar
2,mosteiro
2,mos
2,mortos
2,mortal
2,mortaes
2,morrendo
2,moroso
2,monumental
2,montanhas
2,monotonia
2,monarchica
2,molho
2,modelo
2,modas
2,mocidade
2,misturada
2,miss
2,miniatura
2,minhas
2,militares
2,militante
2,methodo
2,mesquita
2,merry
2,merlino
2,merecer
2,merece
2,mercantes
2,merc
2,menina
2,memoria
2,membrudo
2,membros
2,meliantes
2,melhores
2,melbourne
2,melancolica
2,melancholico
2,mel
2,medida
2,maus
2,mau
2,matilha
2,materialmente
2,material
2,materiaes
2,materia
2,matan
2,marx
2,marujada
2,margem
2,marechaes
2,marcial
2,marciaes
2,marcar
2,marca
2,mappas
2,mappa
2,mantinha
2,manso
2,manipan
2,manifesto
2,manifestando
2,mandou
2,mandam
2,mancebo
2,maldito
2,malas
2,magro
2,magnitude
2,magnificas
2,magistrado
2,madeira
2,macisso
2,machina
2,lyrio
2,luzes
2,luxuoso
2,luminoso
2,luiz
2,lucullus
2,lua
2,lothair
2,longas
2,london
2,logares
2,lobos
2,lixo
2,liverpool
2,litterario
2,lindo
2,limpeza
2,limitavam
2,limitam
2,ligeira
2,ligado
2,libr
2,libertador
2,liberalismo
2,liberaes
2,levava
2,levantava
2,levantar
2,levanta
2,levados
2,lento
2,lenha
2,lembrou
2,lembro
2,leitura
2,leitor
2,leite
2,legua
2,legisla
2,latim
2,larga
2,lapis
2,lamento
2,ladies
2,laboriosas
2,labial
2,kraf
2,khedival
2,kassassine
2,karl
2,justas
2,justa
2,juros
2,jupiter
2,juntam
2,juizos
2,juizo
2,jubilo
2,jovial
2,joven
2,jogar
2,jerusal
2,janellas
2,jamais
2,jactancia
2,iv
2,italiano
2,isthmo
2,israelismo
2,ismailia
2,inventar
2,invariavelmente
2,invadem
2,inuteis
2,inundando
2,intruj
2,intrigantes
2,intrigante
2,interven
2,interrup
2,internacional
2,interessam
2,intercaladas
2,intenso
2,instrumentos
2,instrumento
2,instinctivamente
2,installaram
2,inspirado
2,inspira
2,insolente
2,insipido
2,insignificantes
2,insignificante
2,ingenuo
2,inflexivel
2,infames
2,inexpugnavel
2,inevitavel
2,inesperada
2,industriaes
2,indulgente
2,indo
2,individuos
2,individualidade
2,indigenas
2,indigena
2,indica
2,incultas
2,inconveniente
2,incidente
2,incessante
2,incendios
2,incapazes
2,imposto
2,importante
2,importancia
2,imperatriz
2,impediu
2,impedir
2,immovel
2,immoveis
2,immensa
2,illustrado
2,illumina
2,igual
2,idolos
2,idolo
2,idolatria
2,identicas
2,idealismo
2,huxley
2,humilde
2,humanos
2,humanitarios
2,humanitaria
2,houris
2,hoteis
2,hostilidade
2,hordas
2,honesta
2,historias
2,hespanhola
2,hespanha
2,hervas
2,heroismo
2,hercules
2,heran
2,hegira
2,hedionda
2,haveria
2,harens
2,hands
2,hamid
2,habito
2,habitado
2,habilmente
2,habilidades
2,gulodice
2,guarni
2,guardar
2,grotescos
2,grotesca
2,grog
2,grilh
2,grego
2,grega
2,gravuras
2,gravemente
2,grandioso
2,grade
2,graciosa
2,governante
2,governado
2,governada
2,gotta
2,goso
2,gongorismo
2,glorioso
2,gloriosamente
2,glorifica
2,glorias
2,gestos
2,georges
2,gentilmente
2,gemer
2,geada
2,gazette
2,gaze
2,gastava
2,gastar
2,gargalhadas
2,ganharia
2,ganha
2,gando
2,galope
2,galeria
2,galahad
2,gal
2,gafanhotos
2,gado
2,futuros
2,furiosamente
2,fundado
2,fui
2,fugir
2,fuga
2,frotas
2,frescas
2,frequenta
2,fraca
2,fortuna
2,formoso
2,formar
2,forma
2,fontes
2,folios
2,folio
2,folia
2,folhetim
2,foguetes
2,fogos
2,fog
2,fluxo
2,florestas
2,flocos
2,flechas
2,flammejando
2,fizera
2,firme
2,finura
2,fins
2,finos
2,financeiros
2,filaucia
2,filas
2,figuras
2,figaro
2,fidalgo
2,ficasse
2,ficamos
2,fibra
2,feudaes
2,ferteis
2,ferrete
2,feroz
2,felicidades
2,feixe
2,feitos
2,feiticeiro
2,feira
2,fecunda
2,fechando
2,fechada
2,farta
2,fariam
2,fardeta
2,farda
2,fantasias
2,fanny
2,familiar
2,falle
2,fallavam
2,fadiga
2,fachadas
2,faceis
2,fabricar
2,extrahir
2,exterminar
2,extermina
2,extens
2,exporta
2,experimentados
2,experiente
2,experiencia
2,expedi
2,exito
2,existir
2,existem
2,exigir
2,exhausta
2,exercitos
2,exclamava
2,exclama
2,excitada
2,exchange
2,excepto
2,excellentes
2,exacto
2,exactid
2,evitar
2,eunucos
2,eterna
2,et
2,estupendas
2,estupenda
2,estrumeira
2,estridentes
2,estrepito
2,estranho
2,estrangeiras
2,estragou
2,estragado
2,estofo
2,estiveram
2,esteve
2,estendido
2,estendeu
2,estendal
2,esteja
2,estavamos
2,estampas
2,estala
2,estabelecer
2,essencial
2,esquina
2,esposa
2,esplendido
2,esplendida
2,esperado
2,especialistas
2,especial
2,especiaes
2,espanto
2,espancado
2,espalhados
2,esfomeados
2,esfomeado
2,escutar
2,escuso
2,escudeiro
2,escrupulos
2,escriptor
2,escripta
2,escrevia
2,escrevendo
2,escreva
2,escravos
2,escolhe
2,escocezes
2,escassez
2,escassamente
2,escarlate
2,escaramu
2,eroticas
2,ermita
2,erguia
2,ergueu
2,eramos
2,equador
2,epoca
2,epigramma
2,epidemias
2,entregues
2,entrando
2,entidade
2,enthusiasmos
2,enterrada
2,ensina
2,enriquecido
2,enriquecendo
2,enchendo
2,enchem
2,enche
2,encarregado
2,encantador
2,empolgar
2,embolsar
2,embaixadores
2,eloquente
2,electricidade
2,eis
2,eguaes
2,educar
2,educado
2,editor
2,edades
2,ducado
2,du
2,dramatica
2,drama
2,dover
2,doutor
2,dourados
2,dourado
2,donzella
2,dons
2,dominio
2,dominicanos
2,domingo
2,dominar
2,dominante
2,dominando
2,doloroso
2,dolorosa
2,doen
2,diziam
2,dizendo
2,dizel
2,districtos
2,distribue
2,distancia
2,disposi
2,discutiu
2,discuss
2,discordia
2,dirigida
2,diria
2,direi
2,diplomata
2,diplomacia
2,diocleciano
2,dinamarca
2,diminui
2,digno
2,dignitarios
2,digam
2,diga
2,difficuldades
2,difficeis
2,dictador
2,dezoito
2,dezembro
2,devorando
2,devora
2,devendo
2,deuses
2,detestados
2,desventurado
2,destruiu
2,desses
2,despidas
2,despeza
2,despeda
2,desordenado
2,desoito
2,desinteresse
2,desforra
2,desfilada
2,desesperada
2,desenho
2,desembarque
2,desejaria
2,desdenhosa
2,descripta
2,descobrir
2,descobertas
2,descer
2,descendo
2,descampados
2,desappareceu
2,desapparece
2,derrotas
2,deriva
2,dependente
2,dentes
2,demos
2,democrata
2,deliciosa
2,deixemos
2,deixem
2,deixaram
2,deixado
2,definitivamente
2,definitiva
2,decretando
2,decrepitas
2,declarou
2,declarara
2,declama
2,decisivo
2,decis
2,decimo
2,decente
2,debalde
2,data
2,daonar
2,dadas
2,custaram
2,custar
2,curzon
2,curva
2,curraes
2,curiosa
2,cunhada
2,culturas
2,cultas
2,cuidado
2,crystal
2,crystaes
2,cruzadas
2,cruzada
2,crusada
2,cruel
2,crises
2,crise
2,cria
2,crentes
2,crente
2,cren
2,credores
2,coupons
2,costumava
2,cosinheiros
2,corvos
2,correcto
2,correctamente
2,copo
2,convidava
2,converter
2,conv
2,contorno
2,continuou
2,continuavam
2,continuar
2,continuando
2,continentes
2,contemporaneo
2,conte
2,contar
2,constituiam
2,conspirava
2,conspira
2,consoadas
2,consiste
2,considerando
2,considerado
2,conservar
2,conseguia
2,conrad
2,conquistado
2,conjuncto
2,conhecidos
2,conhecia
2,confins
2,confidente
2,confessam
2,conferencias
2,conduzidos
2,condemnar
2,condados
2,concordou
2,concluir
2,concep
2,conceber
2,compostas
2,composta
2,complexa
2,compensa
2,comparar
2,companheiros
2,compacto
2,commetter
2,commentario
2,commandante
2,comit
2,comer
2,comendo
2,comedia
2,comboio
2,combate
2,colonisadores
2,colonial
2,coloin
2,collossaes
2,collocam
2,colloca
2,collinas
2,colligada
2,collega
2,coleras
2,codea
2,coals
2,clovis
2,claramente
2,clara
2,civilizadas
2,ciumentas
2,city
2,citar
2,cita
2,cinta
2,chorar
2,cheias
2,chegue
2,chegaram
2,charuto
2,charco
2,chanceller
2,chamou
2,chamin
2,chamava
2,chamado
2,chagas
2,cetewayo
2,cessou
2,cessar
2,cerveja
2,certa
2,cerrado
2,cento
2,cemiterio
2,celleiros
2,celebridade
2,celebres
2,celebrado
2,caudilho
2,catholicismo
2,cathedral
2,cathedraes
2,casualmente
2,castigar
2,castelhano
2,casebres
2,casebre
2,casal
2,casacos
2,carv
2,carteira
2,cartazes
2,carruagens
2,carregado
2,caricia
2,caracalla
2,capellas
2,cantando
2,candura
2,canaes
2,camisa
2,caminhar
2,camaradas
2,camaradagem
2,calou
2,califado
2,calcule
2,calcular
2,cajado
2,caix
2,caiph
2,caiada
2,cahisse
2,cahindo
2,cahido
2,caes
2,cadencia
2,cadeiras
2,bruy
2,brutalmente
2,brutalidade
2,bruta
2,bruscamente
2,bronze
2,brisa
2,brilhar
2,bretanha
2,brazileiros
2,brasil
2,brancos
2,bosques
2,bosphoro
2,bors
2,bordejar
2,book
2,boneco
2,bonecas
2,boneca
2,bonacheir
2,bon
2,bombardeou
2,bombardeando
2,bolsas
2,bolivia
2,boa
2,bo
2,blegni
2,bispos
2,bispo
2,bird
2,biographia
2,bill
2,bico
2,biblias
2,bey
2,bengala
2,beneficios
2,beneficio
2,bemaventuran
2,beduinas
2,beber
2,bazares
2,batota
2,batalhas
2,basutos
2,bastava
2,bastam
2,bases
2,barro
2,barrica
2,barreira
2,banquete
2,banhado
2,bandas
2,bancos
2,banco
2,bancarias
2,balladas
2,balan
2,bailes
2,bagagens
2,bacia
2,avista
2,avan
2,auxilio
2,autor
2,austera
2,augmento
2,auctoridades
2,attribuir
2,attitudes
2,atira
2,ataque
2,assumptos
2,assombrado
2,assistir
2,assegurar
2,assassinados
2,asperamente
2,aspera
2,asiatico
2,artilheiros
2,arriscava
2,arrebatados
2,arrasar
2,arrasado
2,arrancando
2,arrancado
2,aroma
2,armamentos
2,armados
2,ares
2,arengas
2,ardia
2,arder
2,ardente
2,ardennes
2,arbitrario
2,aptid
2,apreciar
2,approvando
2,apparecido
2,apparecendo
2,apparato
2,apostrophe
2,aperfei
2,apagado
2,antonio
2,antigamente
2,annunciava
2,annunciam
2,anjo
2,animar
2,animal
2,anhas
2,andrajos
2,and
2,ancioso
2,amou
2,amon
2,amizade
2,amiga
2,americanos
2,americana
2,ambi
2,amaveis
2,amava
2,amargura
2,amar
2,amam
2,amada
2,alturas
2,altos
2,alterar
2,altas
2,almo
2,almirantes
2,allumiadas
2,alludo
2,allivio
2,alheio
2,algemas
2,alface
2,alexandre
2,aldeola
2,aldeias
2,alcunha
2,alastrar
2,ahmet
2,agricultura
2,agrario
2,agradavel
2,agrada
2,agente
2,agaloado
2,agachar
2,afogal
2,affirmar
2,affirmam
2,adormecido
2,adoravel
2,admittia
2,adjectivo
2,aden
2,actuaes
2,acto
2,aconteceu
2,acompanhado
2,acompanhada
2,acima
2,achando
2,accumulado
2,acceitou
2,acaso
2,acabar
2,abuso
2,absurdo
2,absurda
2,absoluto
2,absoluta
2,abrem
2,abra
2,abominaveis
2,abjecta
2,abdul
2,abbadia
2,abandonando
2,abandonada
1,zululandia
1,zoroastro
1,zeloso
1,zelandia
1,zelandez
1,zeladas
1,zela
1,york
1,yachting
1,xxviii
1,xviii
1,xvi
1,xv
1,xiii
1,xii
1,xi
1,xacaras
1,x
1,wycombe
1,world
1,workhouse
1,wik
1,whig
1,wellington
1,weber
1,vultos
1,vulgar
1,votar
1,votamos
1,votado
1,vos
1,vorazes
1,voracidade
1,voou
1,voluptuosos
1,voluntarios
1,volto
1,voltasse
1,voltas
1,voltando
1,voltaires
1,voltaire
1,voltada
1,volt
1,voga
1,voando
1,vizinhos
1,vizinho
1,vivia
1,viveu
1,vivemos
1,vivant
1,vituperar
1,vitrine
1,vitrinas
1,vitalidade
1,vistos
1,vistoria
1,visto
1,vistas
1,vistam
1,vissemos
1,vissem
1,viso
1,visitei
1,visitas
1,visitado
1,visita
1,visinha
1,visconde
1,vis
1,virtualmente
1,viris
1,virem
1,virchow
1,vira
1,violento
1,violentas
1,violando
1,vinhas
1,vilmente
1,villota
1,vill
1,viii
1,vii
1,vigilancia
1,vigiar
1,vigiando
1,vigiam
1,vigiada
1,viessem
1,viera
1,vier
1,viellas
1,viella
1,vidas
1,vibrar
1,vibra
1,viam
1,viaje
1,viajantes
1,viajado
1,vestindo
1,vestil
1,vestigios
1,vestidas
1,vestia
1,vestes
1,verta
1,versos
1,verso
1,verificar
1,verificada
1,verifica
1,vergonha
1,vergas
1,vergando
1,verem
1,verduras
1,verdura
1,verdadeiros
1,verdadeiro
1,verbosas
1,verba
1,venturosa
1,ventura
1,ventas
1,venezuela
1,veneraveis
1,venerando
1,veneranda
1,venerado
1,vendida
1,vendeu
1,vendedor
1,vende
1,vendas
1,vencida
1,vemos
1,veludo
1,velludo
1,velhota
1,velas
1,vela
1,vejo
1,veiu
1,vehemencia
1,vegetavam
1,vegetando
1,vegetal
1,vegeta
1,vedariam
1,veados
1,veado
1,vazio
1,vazias
1,vaz
1,vaudeville
1,vaticano
1,vassallo
1,vassalagem
1,vaso
1,vasio
1,vasias
1,vasco
1,varzin
1,varrendo
1,varias
1,varia
1,varaes
1,vara
1,var
1,vaporisado
1,vapores
1,vanguarda
1,valorosos
1,valles
1,valer
1,valentes
1,valent
1,valendo
1,vaidade
1,vagueavam
1,vagava
1,vagar
1,vagabundos
1,vada
1,vacilla
1,vaccinas
1,uzura
1,utilizou
1,utilitarias
1,utilisou
1,utilisaram
1,utilisar
1,utilidade
1,usurario
1,usura
1,usavam
1,usava
1,usassem
1,urgia
1,ura
1,universidade
1,unido
1,unidas
1,unicas
1,uni
1,une
1,unanimes
1,ululando
1,ultimamente
1,uberrimos
1,tyranno
1,tyrannizadas
1,tyrannicos
1,tyrannia
1,typographicos
1,tutelar
1,tutela
1,turvo
1,turcos
1,turbante
1,tunicas
1,tumultuoso
1,tumultuava
1,tumultua
1,tumulo
1,tulherias
1,tubosinho
1,tua
1,trutas
1,truta
1,truncadas
1,truffas
1,trovejante
1,trouxa
1,trote
1,trotando
1,tropicos
1,tropheus
1,tropegos
1,tropego
1,trop
1,trompa
1,troco
1,trocaram
1,tro
1,triumphando
1,triumpha
1,triturar
1,tritura
1,tristonho
1,tristonha
1,tristezas
1,tripula
1,tripoli
1,triplos
1,trincheira
1,trincando
1,trimestraes
1,tributos
1,tributam
1,tribunos
1,tribunal
1,tribuna
1,triangulo
1,treva
1,trepou
1,trep
1,trens
1,tremula
1,tremo
1,tremem
1,trazida
1,trazer
1,trazemos
1,trazem
1,travesseiro
1,travelling
1,traveling
1,tratavam
1,tratado
1,trata
1,trapos
1,trapa
1,transversaes
1,transvaal
1,transportes
1,transporte
1,transportavam
1,transportado
1,transparecer
1,transp
1,transladadas
1,transformar
1,transforma
1,transbordavam
1,transbordar
1,transbordam
1,tranquillisar
1,tranquillisal
1,tranquillidade
1,tramways
1,trambulh
1,tramar
1,tramada
1,trai
1,trahida
1,trago
1,tragi
1,tragedias
1,tragedia
1,traduzidos
1,traduc
1,trabalhada
1,trabalha
1,toulba
1,toucadas
1,tost
1,torturado
1,tortulhos
1,torrido
1,torrida
1,torpes
1,tornem
1,torneios
1,torne
1,tornavam
1,tornasse
1,tornado
1,tornadas
1,tornada
1,tormentosa
1,tories
1,torcidas
1,tope
1,tontas
1,tonel
1,tonalidade
1,tome
1,tombou
1,tomavam
1,tomaram
1,tomando
1,tomam
1,tomada
1,tolice
1,tolhido
1,toleravelmente
1,tolerar
1,tolerante
1,tolerada
1,tolera
1,tola
1,toilettes
1,tochas
1,tocavam
1,toca
1,tive
1,tityro
1,tiroteios
1,tiritou
1,tiravam
1,tirava
1,tiras
1,tiramos
1,tir
1,tipoia
1,tinir
1,timoratos
1,timidamente
1,timida
1,tia
1,ti
1,thude
1,throno
1,these
1,theoria
1,theologos
1,theologo
1,theologia
1,theatros
1,the
1,testamentos
1,testamento
1,testa
1,terrivelmente
1,territorial
1,territoriais
1,terrenos
1,terraqueo
1,terrail
1,ternas
1,terna
1,termo
1,terminou
1,termino
1,terminar
1,termina
1,teremos
1,terceira
1,tentou
1,tento
1,tentava
1,tentativa
1,tentasse
1,tentar
1,tenro
1,tendencia
1,tendeiros
1,tendeiro
1,tendas
1,tencionava
1,tencionam
1,tenciona
1,ten
1,tempestuosa
1,temperadas
1,temida
1,temerosas
1,temerosa
1,temente
1,teme
1,telephones
1,telegraphou
1,telegraphistas
1,telegraphista
1,telegraphia
1,telegraphado
1,telegraphadas
1,telegraphada
1,telegrapha
1,telegrahou
1,telegrafo
1,tegmine
1,tedio
1,tectos
1,teck
1,teceria
1,tax
1,tarimba
1,tardia
1,tapetes
1,tape
1,tanner
1,tangiveis
1,tamisa
1,tambores
1,tamb
1,talhados
1,talhado
1,tais
1,tagarelar
1,tackeray
1,tacito
1,tacitamente
1,tachygraphadas
1,tachygraphada
1,taboletas
1,taboleta
1,taboa
1,table
1,tablado
1,tabelli
1,synonimo
1,synagogas
1,symptomas
1,symptoma
1,sympathico
1,sympathias
1,symbolo
1,symboliza
1,symbolicas
1,syllabas
1,swinburne
1,suzerano
1,sustos
1,suster
1,sustentando
1,sustar
1,suspensa
1,suspendei
1,suspeitos
1,suspeitar
1,susceptivel
1,surrey
1,surpreza
1,surprehende
1,surda
1,supremas
1,suppunha
1,supprimir
1,supprimido
1,supprimida
1,suppostos
1,supposi
1,supportavel
1,supportar
1,supporta
1,suppor
1,supplicio
1,supplicar
1,supplicando
1,supplica
1,supp
1,supersticiosos
1,supersti
1,sumptuoso
1,summariamente
1,sujei
1,suggere
1,sugado
1,suffocou
1,suffocado
1,suffocadas
1,succumbiu
1,succumbindo
1,successo
1,successivas
1,succesivas
1,succedido
1,succediam
1,succedem
1,subtilmente
1,subterraneo
1,substituiu
1,substitui
1,substitue
1,subsistencia
1,subscrip
1,submissa
1,submiss
1,sublimes
1,sublime
1,subjectiva
1,subiu
1,subito
1,subida
1,subiam
1,subdividido
1,subditos
1,subalternas
1,subalterna
1,sub
1,suavizador
1,streker
1,strauss
1,stores
1,sta
1,ssem
1,srs
1,square
1,speech
1,spartacus
1,sovar
1,sova
1,southampton
1,soubesse
1,soubemos
1,sortimento
1,sorrisos
1,sorri
1,sordido
1,sorbona
1,soprando
1,sopa
1,sons
1,sonoros
1,sonhavam
1,sonharam
1,sonetos
1,sondar
1,sondando
1,somnolento
1,sommados
1,sombriamente
1,sombria
1,soltos
1,solteir
1,soltasse
1,soltas
1,soliman
1,solido
1,solid
1,soletrar
1,solemnemente
1,soir
1,soffrimentos
1,soffrido
1,soffreu
1,soffres
1,soffrera
1,soffrego
1,soffrega
1,soda
1,socrates
1,sociedades
1,socialmente
1,socialista
1,socialismo
1,socega
1,soccorrer
1,sobresaltado
1,sobrenome
1,sobrehumanos
1,sobrecarregue
1,sobrecarregado
1,sobrecarrega
1,soberania
1,sobem
1,smyrna
1,situada
1,sitiada
1,sisudos
1,sisudas
1,sinto
1,sinos
1,sinistros
1,sinistras
1,sinhos
1,sinceridade
1,sinai
1,simpathicos
1,similitudes
1,silva
1,silenciosa
1,significavam
1,signal
1,signaes
1,sic
1,sibyl
1,shooting
1,shelley
1,sheiks
1,shakehands
1,sexos
1,severn
1,severidade
1,sess
1,servo
1,serviria
1,servilmente
1,servil
1,servidos
1,servido
1,serve
1,serras
1,serrania
1,serra
1,serpenteando
1,sermos
1,serm
1,serio
1,serie
1,seriamente
1,sereno
1,serenidade
1,serenamente
1,serem
1,serafins
1,sepultamol
1,sepultado
1,septicismo
1,sepia
1,separou
1,separe
1,separatistas
1,separar
1,separado
1,separada
1,sentis
1,sentinella
1,sentimentaes
1,sentenciar
1,sentem
1,sentei
1,sentaram
1,sentando
1,sentados
1,sentado
1,sentadas
1,sensibilidades
1,sensata
1,sensabor
1,senior
1,senil
1,semitica
1,semita
1,semelhante
1,semelhan
1,semanarios
1,sella
1,self
1,selecto
1,sejamos
1,seivas
1,seitas
1,seiscentas
1,seio
1,segurar
1,seguran
1,segunda
1,seguiu
1,seguia
1,seguem
1,segue
1,segredo
1,sedi
1,securas
1,secundarios
1,secretas
1,secretario
1,secreta
1,seccura
1,seccando
1,seccamente
1,sec
1,sebes
1,searas
1,seara
1,scisma
1,scintillar
1,scintillante
1,scintillam
1,scintilla
1,scientificos
1,scientificas
1,schylo
1,schopenhauer
1,schellings
1,schelling
1,scheiks
1,scheik
1,scepticos
1,sceptico
1,scepticismos
1,scenarios
1,scelerado
1,save
1,saurait
1,saudosos
1,saudada
1,satyros
1,satyra
1,saturday
1,satisfazia
1,satisfazemos
1,satisfazel
1,satanico
1,sardou
1,sarcophagos
1,sarcasticos
1,sarcasmos
1,saqueou
1,saqueando
1,saque
1,sapiencia
1,sapatos
1,sapato
1,sapador
1,santidade
1,sanguinario
1,sangrenta
1,sanctuarios
1,sanctificado
1,samuel
1,salvava
1,salvas
1,salvadora
1,saltimbanco
1,saltasse
1,saltar
1,saltando
1,saltam
1,salta
1,salsada
1,salpicado
1,salpicada
1,salm
1,salientes
1,salgadas
1,salamalek
1,saibam
1,sai
1,sahiu
1,sahisse
1,sahidos
1,sahiam
1,sahem
1,sagrados
1,saes
1,sae
1,sacudir
1,sacudido
1,sacripantas
1,sacrilego
1,sacrificar
1,sacrarios
1,sacramental
1,sacodem
1,saciado
1,saciada
1,sacerdotisa
1,sacerdotaes
1,sacerdocio
1,saboroso
1,sabemol
1,sa
1,rythmo
1,rythmicas
1,rutilantes
1,rustica
1,russas
1,rumorido
1,rumor
1,rumania
1,ruge
1,rufos
1,rubro
1,rubor
1,rowton
1,rouxin
1,rouquejando
1,roupa
1,rouco
1,roubou
1,roubos
1,roubaram
1,rouba
1,rotundo
1,rotulo
1,rostopchin
1,rosseti
1,rosnam
1,roseas
1,rosaes
1,ros
1,rondam
1,roncante
1,roncador
1,rompem
1,romantismo
1,romanticas
1,romanos
1,romancistas
1,rolou
1,rolos
1,roleta
1,rolara
1,rol
1,rojar
1,rogers
1,roenchlin
1,rodo
1,rocambole
1,robles
1,roberts
1,robe
1,robber
1,rmula
1,rmos
1,rivaes
1,rituaes
1,ritos
1,risse
1,rispido
1,riscando
1,risada
1,riquissimas
1,rindo
1,rilhe
1,rigido
1,ribalta
1,riba
1,riacho
1,rheno
1,rhapsodia
1,reza
1,revolver
1,revolucionaria
1,revoltou
1,revoltos
1,revoltas
1,revoltar
1,revoltado
1,reviver
1,revivendo
1,revisores
1,revindica
1,review
1,revi
1,revezes
1,revestido
1,reverencias
1,reverbera
1,revelar
1,revelador
1,revela
1,revd
1,rev
1,reunida
1,reuniamos
1,reune
1,retrocedendo
1,retrato
1,retorcendo
1,retomar
1,retiro
1,retirar
1,retirando
1,retalha
1,resulta
1,resudando
1,restringindo
1,restava
1,restaura
1,ressonar
1,ressoar
1,ressoante
1,responsavel
1,respondiam
1,responderei
1,resplandeceu
1,resplandecendo
1,resplandecem
1,respira
1,respinga
1,respeitoso
1,respeitosamente
1,respeitosa
1,respeitasse
1,respeitara
1,respeitado
1,respeitada
1,respeita
1,resolveu
1,resolveriam
1,resolutamente
1,resoava
1,resoantes
1,resmungar
1,resmungando
1,resma
1,resistiriam
1,resistir
1,resiste
1,resigna
1,residentes
1,residencias
1,reservam
1,reservados
1,reserva
1,resente
1,resalvado
1,requintes
1,requinte
1,requerem
1,repuls
1,repugnancia
1,republicana
1,reproduzindo
1,representei
1,represente
1,representavam
1,representando
1,representada
1,represalias
1,reprehens
1,repousar
1,repousando
1,repousam
1,repousado
1,repoltreados
1,replicou
1,repletos
1,repleta
1,repetidamente
1,repetida
1,repeti
1,repentino
1,repelliu
1,repellem
1,repelle
1,repeliu
1,repassados
1,repassado
1,reparou
1,reparar
1,reparando
1,reparador
1,repara
1,reorganisasse
1,reorganisar
1,renunciamento
1,renovou
1,renovar
1,renegado
1,rendu
1,rendimentos
1,renans
1,remotas
1,remetter
1,remette
1,rememoral
1,rememora
1,remedios
1,remate
1,rematar
1,reluzentes
1,reluzem
1,relogios
1,religiosas
1,religiosamente
1,relida
1,reles
1,relatorio
1,relativo
1,relampejar
1,rejubilava
1,reinos
1,reinar
1,reinando
1,reinado
1,reina
1,reimpress
1,reilluminada
1,regularmente
1,regulares
1,regressar
1,regozijar
1,regosijar
1,regiamente
1,regenerador
1,regenera
1,regele
1,regelava
1,regeladas
1,regeitou
1,regei
1,regedor
1,regato
1,regateia
1,regabofe
1,refundem
1,refugo
1,refugio
1,refugiara
1,refugiar
1,reformadores
1,reflectiu
1,reflectindo
1,refinaria
1,refeitorio
1,ref
1,reentrava
1,reentrar
1,reedifica
1,reduzida
1,reduziam
1,reductos
1,redobrou
1,redigiu
1,redige
1,redemoinhando
1,redathd
1,redac
1,recusaria
1,recusando
1,recurvo
1,recuou
1,recorrer
1,recordo
1,reconstruir
1,reconstru
1,reconstitue
1,reconhecimento
1,reconhecido
1,reconhecida
1,reconheceu
1,reconhecerem
1,reconhecem
1,reconhece
1,reconfortar
1,recompensou
1,recompense
1,recompensado
1,recomece
1,recolhimento
1,recolhido
1,recolhida
1,recolherem
1,recobria
1,recobertos
1,reclamo
1,reclamava
1,reclamar
1,reclamando
1,reclamam
1,reclam
1,recitando
1,reciprocamente
1,rechonchudo
1,receitas
1,receio
1,recebiam
1,recebeu
1,recebendo
1,recatados
1,recamos
1,recahiu
1,recahir
1,rebrilhar
1,rebrilhantes
1,rebordo
1,rebentou
1,rebentando
1,rebellado
1,reappareceram
1,realizava
1,realizaram
1,realiza
1,realistas
1,realisou
1,realisavel
1,realisar
1,realisando
1,realisado
1,realeza
1,realejos
1,reaes
1,reabriu
1,rea
1,razoavel
1,rastos
1,rastejantes
1,raso
1,rasgo
1,rasgavam
1,rasgadamente
1,rasel
1,raros
1,raramente
1,rapozas
1,rapoza
1,rapidos
1,rapazes
1,rapag
1,rapada
1,rapacidade
1,rap
1,rancho
1,ranc
1,ramazan
1,ramagem
1,ral
1,raizes
1,raios
1,railways
1,raide
1,raiado
1,radicalismo
1,rabugentos
1,rabo
1,rabicho
1,rabi
1,rabe
1,rabbinica
1,quizer
1,quisestes
1,quinzenarios
1,quinzena
1,quereriam
1,querer
1,quelles
1,queles
1,queixo
1,queiroz
1,queira
1,queimou
1,queijos
1,queen
1,quebrou
1,quebrando
1,quebram
1,quartel
1,quantos
1,quantidade
1,quand
1,quadros
1,quadrado
1,quadradas
1,quadradamente
1,pyramides
1,puxou
1,puxar
1,puxando
1,puxal
1,putrida
1,purpureados
1,purissimas
1,purificam
1,pureza
1,puni
1,punha
1,pungente
1,punge
1,pulso
1,pulsa
1,pulpito
1,pulos
1,pueris
1,puerilidade
1,pueril
1,pudico
1,pudessemos
1,pudera
1,publiques
1,publiquem
1,publique
1,publicar
1,publicamente
1,publicado
1,ptolomeus
1,psychologico
1,prussia
1,pruderie
1,prudentes
1,prudencia
1,proxima
1,provoque
1,provisorio
1,provir
1,providencial
1,provem
1,proveitosas
1,proveitosa
1,provavel
1,provar
1,provando
1,provado
1,prototypo
1,protestou
1,protestaria
1,protestar
1,protestantes
1,protegendo
1,protegem
1,prostra
1,prostitutas
1,prostitui
1,prosas
1,prosapia
1,prosaicamente
1,proprietaria
1,propriamente
1,propostas
1,proposta
1,proporciona
1,prophetisado
1,prophetico
1,prophecia
1,propagar
1,pronunciamento
1,pronunciados
1,pronto
1,pronta
1,promptamente
1,prometteu
1,promettendo
1,prolongadas
1,prolongada
1,prolixamente
1,prolifico
1,projectos
1,projectavam
1,prohibir
1,profus
1,profundidade
1,profecia
1,proezas
1,produzia
1,produzem
1,produza
1,productos
1,prodigioso
1,prodigiosamente
1,prodigamente
1,prodigalizam
1,prodigalisam
1,prodigalidade
1,procuravam
1,procurava
1,procurar
1,procuradoria
1,procuradores
1,procurado
1,proclamarem
1,proclama
1,processos
1,procede
1,problema
1,pro
1,privilegio
1,privilegiado
1,privilegiadas
1,privilegiada
1,priva
1,prisioneiros
1,princeza
1,primroses
1,primaveras
1,priappo
1,previsto
1,prever
1,prevendo
1,prevalecem
1,pretorio
1,pretor
1,pretendia
1,preta
1,pret
1,prestimo
1,preste
1,prestasse
1,press
1,presidida
1,presidente
1,presidem
1,presentemente
1,prescrip
1,presagios
1,prerogativas
1,preparava
1,prepararem
1,preparado
1,preparada
1,preoccuparam
1,prendre
1,prendem
1,prend
1,preludia
1,prejuizos
1,pregas
1,pregado
1,prega
1,preg
1,prefiriria
1,preferivel
1,preferindo
1,preferes
1,prefere
1,prefeito
1,predilecto
1,precorrem
1,preciso
1,precisamente
1,preciosa
1,precedida
1,precedente
1,prazeres
1,pratos
1,prato
1,pratas
1,pranto
1,praga
1,ppia
1,povos
1,pov
1,pousam
1,pousados
1,pousa
1,pourboire
1,poupar
1,poupada
1,poucas
1,potentado
1,posteridade
1,postas
1,posta
1,possuir
1,possuidor
1,possuiam
1,possua
1,possiveis
1,possession
1,possam
1,positivos
1,positivammente
1,positiva
1,portuguesa
1,portsmouth
1,portentosa
1,porteiro
1,portadores
1,portador
1,porem
1,porcellana
1,popularisa
1,populares
1,pontinha
1,pontes
1,ponteiros
1,pontaria
1,pontap
1,ponson
1,ponha
1,ponderosos
1,ponderoso
1,ponde
1,pomposa
1,pompeu
1,pomba
1,pomares
1,poltronas
1,pollidez
1,polida
1,policiou
1,policial
1,polichinellos
1,policeman
1,poitiers
1,poesias
1,podres
1,poderosos
1,poderosas
1,poderem
1,podem
1,pockets
1,poca
1,pobremente
1,po
1,plumas
1,pluma
1,plum
1,plenamente
1,plebeus
1,plebes
1,plausivelmente
1,platonico
1,platonicas
1,plataforma
1,plataf
1,plantou
1,plantas
1,planta
1,planicies
1,plangente
1,planeado
1,placa
1,pittorescos
1,pittoresca
1,pisam
1,pireu
1,pirataria
1,pirata
1,pique
1,pintar
1,pintando
1,pintado
1,pinhal
1,pingar
1,pinga
1,pincel
1,pimenta
1,pilherias
1,pilheria
1,pilar
1,piemonte
1,piedosas
1,pick
1,piccaresco
1,piccadilly
1,picaresco
1,picante
1,pic
1,pianos
1,pia
1,physionomias
1,physico
1,phraseologia
1,photographica
1,philosophico
1,phenomenos
1,phenomeno
1,phenomenal
1,pharisaica
1,pharaonicos
1,pharaonico
1,phara
1,phantasticas
1,phantastica
1,phantasia
1,petroleo
1,petrificando
1,petrea
1,petrarcha
1,petr
1,peticiona
1,petersburgo
1,peste
1,pestanas
1,pessoais
1,pessoa
1,pesquizando
1,pesou
1,pescavam
1,pescadores
1,pescador
1,pesando
1,pesam
1,peruanos
1,peruano
1,pertinacia
1,pertencem
1,persuas
1,perspectivas
1,persico
1,perseguidos
1,perseguidor
1,persas
1,persa
1,perrice
1,perpetuo
1,perola
1,pernas
1,permittisse
1,permittir
1,permittiam
1,permitta
1,permitiu
1,permite
1,permanecido
1,permanecia
1,permaneceu
1,permane
1,periodico
1,periodicamente
1,pericia
1,pergunto
1,pergunte
1,pergunta
1,perfumados
1,perfis
1,perfida
1,perfeitos
1,perfei
1,perfectibilidade
1,peregrinante
1,pereciveis
1,perdulario
1,perdiz
1,perdia
1,perderem
1,perderam
1,perdera
1,percorrido
1,percorrer
1,percorre
1,percheron
1,percebem
1,percebe
1,pera
1,pequenino
1,pequenina
1,pequenas
1,pensou
1,penso
1,pensativamente
1,pensariam
1,pensamentos
1,pensam
1,pensador
1,penny
1,peninsulares
1,penhoras
1,penhorado
1,penetrou
1,penetre
1,penetraria
1,penetraram
1,penetrado
1,penetra
1,penedo
1,pendores
1,pendente
1,penacho
1,pelotiqueiro
1,pelludos
1,pelintras
1,pelejada
1,peitos
1,peitinho
1,peguem
1,pegasse
1,pegajoso
1,pedregulhos
1,pedregoso
1,pedrarias
1,pedradas
1,pedrada
1,pediu
1,pedir
1,pedidos
1,pedido
1,pedestal
1,pedantes
1,pedagogico
1,peculio
1,pecegos
1,peccavi
1,peccados
1,peccado
1,peanha
1,pax
1,pavorosa
1,patuscas
1,patuscada
1,patrulhado
1,patrocinio
1,patriotismo
1,patrimonio
1,patriarchas
1,patriarcha
1,patinha
1,pathetica
1,patagonia
1,pataco
1,pata
1,pastos
1,pasto
1,pastam
1,passividade
1,passeio
1,passeava
1,passavam
1,passassem
1,passarinhos
1,passaram
1,passamos
1,passados
1,passada
1,pasmada
1,paschoa
1,parvenu
1,parven
1,partiu
1,partisse
1,partirem
1,partindo
1,partidaria
1,parou
1,parochias
1,parochial
1,parochia
1,parlapat
1,parlamentos
1,parlamentarismo
1,parlamentares
1,park
1,parentes
1,paredes
1,parecesse
1,parecendo
1,pardaes
1,parda
1,parcialidade
1,pararem
1,parallelos
1,parallelamente
1,paraizos
1,paraguay
1,paragens
1,paradoxo
1,paradoxal
1,par
1,paquete
1,papo
1,panegyrico
1,pandegar
1,pan
1,pampas
1,palpita
1,palpebras
1,palmo
1,palmeiras
1,palmas
1,palma
1,pallidez
1,palestina
1,pale
1,paladinos
1,palacete
1,paizagens
1,paizagem
1,paisagista
1,pague
1,pagou
1,pagos
1,paginado
1,pagavam
1,pagassem
1,pagamento
1,padua
1,padroeira
1,padrinho
1,padr
1,padiola
1,padeiro
1,padecimentos
1,pacifica
1,pacientemente
1,paciente
1,pachorrentos
1,pacata
1,ovelha
1,ouviu
1,ouvisse
1,ouvimos
1,ouvil
1,ouvido
1,ouvem
1,ouve
1,ousava
1,ousa
1,ourique
1,ostentosa
1,ostenta
1,oso
1,osmanlis
1,osinhas
1,osa
1,orthodoxo
1,ornavam
1,ornatos
1,ornamenta
1,orna
1,originariamente
1,origina
1,orientaes
1,orienta
1,orgulhosa
1,orgulhar
1,organizado
1,organiza
1,organismo
1,organisava
1,organisasse
1,organisa
1,orelhas
1,ore
1,ordinaria
1,ordenou
1,ordenar
1,ordenados
1,ordena
1,orbe
1,oratorio
1,orangistas
1,oraculo
1,opulencia
1,optimistas
1,oprobio
1,oprimido
1,opressor
1,opprobrio
1,opprimidos
1,opprimido
1,oppress
1,opportunismo
1,opportunidades
1,oposi
1,operaria
1,operam
1,opaca
1,onze
1,ontem
1,ondulavam
1,ondeiam
1,ondeando
1,omnipotencia
1,omnia
1,omni
1,omittido
1,olympica
1,olmos
1,oligarchica
1,oligarchias
1,olhinhos
1,olhem
1,olhavam
1,olhando
1,olfacto
1,oleografias
1,ol
1,offerta
1,offerecidos
1,offerecia
1,offereceu
1,offerecera
1,offere
1,offendidos
1,offenbach
1,offenbac
1,odiosas
1,odiosamente
1,odiando
1,odiado
1,odes
1,odeiam
1,ode
1,ocorrida
1,ocioso
1,ociosa
1,ocios
1,occupou
1,occuparia
1,occupando
1,occupal
1,occupadores
1,occidente
1,occidental
1,occidentaes
1,occaso
1,obuzes
1,obtinha
1,obtida
1,obstruir
1,obstou
1,obstaculo
1,obsoleto
1,observou
1,observo
1,observador
1,obsequiar
1,obscura
1,obsceno
1,obscenidade
1,obscenas
1,obscena
1,obrigava
1,obrigar
1,obrigado
1,obrigada
1,obriga
1,obliquas
1,obelisco
1,obediencia
1,obedecido
1,oasis
1,oar
1,oando
1,oados
1,nymphas
1,nutriria
1,numerosa
1,nublado
1,nubia
1,novidades
1,noventa
1,novembro
1,novela
1,notoriedade
1,noticiam
1,notaveis
1,nostalgia
1,noruega
1,northumberland
1,norsk
1,normando
1,normanda
1,nomeou
1,nomeava
1,nomeasse
1,nomeado
1,nomeada
1,nocturno
1,nobilissima
1,nitido
1,nichos
1,nic
1,news
1,newcastle
1,nevoeiros
1,nevoeiro
1,neves
1,nevada
1,neutralidade
1,neutral
1,nervoso
1,nele
1,negrura
1,negrejando
1,negrejam
1,negocios
1,negociantes
1,negava
1,negativo
1,neg
1,nefandas
1,nedios
1,nazareno
1,nazarena
1,navio
1,navegaveis
1,naval
1,nautica
1,naufragios
1,naturalismo
1,nata
1,nascimento
1,nasceu
1,nascem
1,narghil
1,nana
1,namoro
1,namorados
1,mythologicos
1,mythologia
1,mystifica
1,mylady
1,my
1,musculos
1,musculo
1,murmuro
1,murmurando
1,murmura
1,murcha
1,muniu
1,multiplique
1,multas
1,multando
1,mudirs
1,mudar
1,muda
1,mrs
1,moveria
1,mover
1,movendo
1,movem
1,movedi
1,motivos
1,mot
1,mostremos
1,mostrasse
1,mostram
1,mostr
1,moscou
1,moscas
1,mosca
1,morta
1,morriam
1,morria
1,morreria
1,morr
1,morphina
1,mordentes
1,morbida
1,moralidade
1,moraes
1,moradas
1,moors
1,monturos
1,monturo
1,montes
1,montar
1,montanhezes
1,monta
1,monstruosos
1,monstruosas
1,monstruosa
1,monstros
1,monsieur
1,monotono
1,mongesinhos
1,monges
1,monarchico
1,monarcha
1,momentaneos
1,momentaneamente
1,moltke
1,molle
1,molhos
1,molhado
1,molest
1,moedas
1,moeda
1,modula
1,modifique
1,modificar
1,modificando
1,modestos
1,modesto
1,modestia
1,modestamente
1,modernos
1,modernamente
1,moderna
1,moderados
1,moderado
1,mobilias
1,mobilia
1,mobilada
1,mixtos
1,mitra
1,misturar
1,misturando
1,misturado
1,mistura
1,misteriosa
1,missionarios
1,missionario
1,missionarias
1,misses
1,missa
1,miseravelmente
1,miserando
1,misanthropia
1,minutos
1,minuciosidade
1,minuciosamente
1,minotauro
1,ministerios
1,ministeriaes
1,minima
1,minaretes
1,minar
1,milton
1,milo
1,millionario
1,mill
1,militarmente
1,militarismo
1,militantes
1,militan
1,milhar
1,milagres
1,migalhas
1,microscopio
1,meza
1,mettia
1,metteram
1,mettam
1,metropole
1,metro
1,metralha
1,metaphysicos
1,metaphysico
1,metaphysica
1,metallurgistas
1,metal
1,metade
1,meta
1,mestres
1,mestre
1,mesteirais
1,mesquinhez
1,mesmas
1,mesada
1,meros
1,meridional
1,mergulhar
1,merendas
1,merenda
1,meredith
1,merecem
1,mercantil
1,mercados
1,mercador
1,meras
1,mera
1,mephistopheles
1,mentalmente
1,mental
1,meninas
1,mencionar
1,mencionado
1,men
1,memoravel
1,memorar
1,melhorou
1,melhorar
1,melhorada
1,melancolico
1,melancolia
1,melancholica
1,meigo
1,meiado
1,medonho
1,medo
1,medjidieh
1,meditava
1,meditando
1,mediocre
1,medina
1,medicos
1,medico
1,medicis
1,medicina
1,medianamente
1,medalh
1,mecanico
1,meandros
1,meados
1,mazzini
1,mazorros
1,mazorro
1,maximiliano
1,matthew
1,matrona
1,maternalmente
1,materialismo
1,mataram
1,matar
1,matador
1,matabeles
1,mata
1,mat
1,massudo
1,massas
1,massacrava
1,massacradores
1,mascarada
1,martello
1,marselhesa
1,marquez
1,marmoreo
1,marmoreas
1,maritimo
1,marinheiras
1,marinhas
1,marinhagem
1,marido
1,maria
1,margaux
1,marchar
1,marchado
1,marcantes
1,marcados
1,marcado
1,maravilhosas
1,maravilhosa
1,maravilhar
1,marasmo
1,manufacturar
1,manuelinas
1,manuel
1,manual
1,mantemos
1,manteiga
1,manning
1,manipanso
1,manifestos
1,manifestava
1,manifestamente
1,manifestam
1,manhas
1,mangas
1,manga
1,manejar
1,mande
1,mandasse
1,mandaram
1,mandado
1,mand
1,manchas
1,mancebos
1,mama
1,malteza
1,malga
1,malet
1,maldizer
1,malditas
1,maldita
1,maldi
1,mala
1,maioria
1,mahometanos
1,mahometana
1,mahakam
1,magrizela
1,magrisella
1,magreza
1,magras
1,magoado
1,magnifico
1,magnifica
1,magistratura
1,magistral
1,magistraes
1,magistrados
1,maggiyres
1,magestoso
1,magazines
1,magan
1,madrigaes
1,madeleine
1,maculas
1,machinismo
1,machado
1,machadada
1,macadam
1,macaco
1,maca
1,lyrismo
1,lyrios
1,lyrico
1,lyrica
1,lybica
1,lver
1,luzitana
1,luzidios
1,luziam
1,luzentes
1,luxuriantes
1,luxuosos
1,luxos
1,luxor
1,luvas
1,luto
1,lustres
1,lupanar
1,lunetas
1,luminosos
1,luminosas
1,lumes
1,luis
1,lucido
1,lubricidade
1,lubricas
1,lubbock
1,luar
1,louvavel
1,louro
1,lorde
1,longman
1,longinquos
1,longinqua
1,lojistas
1,logicos
1,logico
1,logicamente
1,locu
1,locomotivas
1,locomotiva
1,local
1,livres
1,livremente
1,livreiros
1,livreiro
1,livraria
1,livido
1,livida
1,littoral
1,litteratos
1,litterato
1,litterarios
1,litterarias
1,litterariamente
1,litteralmente
1,lithographados
1,lisonjeiro
1,lisongeava
1,liquida
1,linho
1,lindos
1,limpos
1,limpidez
1,limpando
1,limpa
1,limites
1,lima
1,lim
1,lilazes
1,ligou
1,ligeiro
1,ligar
1,lida
1,licores
1,licito
1,licenceamento
1,libra
1,libertinagem
1,libertar
1,liberta
1,liberalismos
1,liberalidade
1,libano
1,lia
1,leves
1,leve
1,levaria
1,levantou
1,levantino
1,levantina
1,levante
1,levantamento
1,levantam
1,levam
1,levada
1,leu
1,lettrados
1,lettrado
1,lettradas
1,leste
1,lesse
1,leque
1,leonina
1,leoa
1,lentid
1,lenta
1,lendo
1,lembrar
1,lembrando
1,lembram
1,lembrados
1,lembrado
1,lembra
1,lello
1,leito
1,leit
1,leipzig
1,leguas
1,legou
1,legitimo
1,legista
1,legi
1,legaes
1,legado
1,lecture
1,lealmente
1,leaes
1,lavrando
1,lavrado
1,lavaria
1,lavados
1,lavado
1,lava
1,lausperenne
1,latinos
1,latina
1,lat
1,las
1,largura
1,larguezas
1,largou
1,largos
1,largar
1,largando
1,largamente
1,lar
1,lapp
1,lanternas
1,languidas
1,lances
1,lance
1,lampe
1,lamparina
1,lampada
1,lamina
1,lamentavelmente
1,lamenta
1,lambendo
1,lamas
1,laje
1,laivos
1,lag
1,ladrar
1,ladrando
1,ladr
1,lacrimosa
1,lacaios
1,lacaio
1,labutar
1,laborioso
1,labor
1,labiche
1,labaredas
1,krupp
1,kibir
1,khedivas
1,kant
1,justificavel
1,justificar
1,justifica
1,juro
1,jurista
1,juridicas
1,juntem
1,junta
1,junquilhos
1,julieta
1,juli
1,julho
1,julgavam
1,julgaria
1,julgarem
1,julgamos
1,julgamentos
1,julgamento
1,julga
1,jules
1,juizes
1,judiciosamente
1,judiciosa
1,judiarias
1,judaismo
1,joviaes
1,jovens
1,journal
1,jorro
1,jornalistas
1,jornalista
1,jornadas
1,jornada
1,jorge
1,jord
1,jogos
1,jogo
1,jogando
1,joga
1,joelho
1,jejum
1,jazer
1,javali
1,jasmineiros
1,jardinetes
1,jardineira
1,jardim
1,jap
1,jantou
1,jantem
1,jantares
1,jantara
1,ix
1,italiana
1,israel
1,isolar
1,isolamento
1,isolado
1,isoladas
1,isoladamente
1,isolada
1,islamismo
1,is
1,irritada
1,irreverente
1,irresponsavel
1,irresistivel
1,ironia
1,irlandezasinha
1,irlandesa
1,iria
1,invocando
1,invoca
1,inviolabilidade
1,investe
1,invernos
1,inventou
1,inventamos
1,inventam
1,invencivel
1,invejal
1,invejado
1,invectiva
1,invasora
1,invadiram
1,invadiam
1,invade
1,inutil
1,inundante
1,inumeraveis
1,intrusos
1,intruso
1,introduzindo
1,introduzia
1,intrinsecos
1,intrincado
1,intrigas
1,intoleravelmente
1,intoleraveis
1,intimo
1,intimidade
1,intimida
1,intimava
1,intimas
1,intestina
1,intervir
1,interviesse
1,interromper
1,interrompe
1,interpretar
1,interpretado
1,interpellado
1,interpella
1,interno
1,internacionaes
1,interna
1,intermittencia
1,intermezzo
1,interessse
1,interesseiros
1,interessasse
1,interessariam
1,interessantes
1,interessados
1,interessada
1,intensidade
1,inten
1,intelligentes
1,intelligentemente
1,intelligencias
1,intelligencia
1,intellectualmente
1,intellectualidade
1,intellectuais
1,intellecto
1,inteiras
1,intangivel
1,intacto
1,intacta
1,insurrecto
1,insurreccionou
1,insuperaveis
1,insufficientes
1,insubordina
1,instruc
1,institutos
1,instinctos
1,instincto
1,instantes
1,installavam
1,installado
1,installadas
1,installada
1,installa
1,instalar
1,instado
1,inspirou
1,inspirando
1,inspiram
1,inspirador
1,inspector
1,insolencia
1,insola
1,insisto
1,insistido
1,insinuar
1,insensivelmente
1,insensivel
1,insensatos
1,insensatez
1,insectos
1,insecto
1,insalubre
1,inquieto
1,inquietamos
1,inquietam
1,inquietadora
1,inquietador
1,inquerito
1,inovadores
1,inoffensivo
1,innumeraveis
1,innova
1,injusto
1,injustificado
1,injusti
1,injuriada
1,injuria
1,iniquo
1,ininterrompidamente
1,ininterrompida
1,inimigo
1,iniciativa
1,inicial
1,inglesas
1,ingenuidade
1,ingenuas
1,infundem
1,informado
1,informa
1,influindo
1,inflammada
1,inflamma
1,infinito
1,infinitamente
1,infinita
1,infindavel
1,infima
1,inferiores
1,infelizes
1,infecto
1,infecte
1,infanteria
1,infantaria
1,infancia
1,infalliveis
1,inextricavel
1,inexplicavelmente
1,inevitaveis
1,ineffavel
1,ineffaveis
1,ineditos
1,inedita
1,industrias
1,industria
1,indust
1,indulgencia
1,indolencia
1,individuo
1,individualmente
1,individualidades
1,individual
1,indisputada
1,indispensavel
1,indiscriminada
1,indisciplinada
1,indio
1,indignam
1,indignada
1,indigestamente
1,indifferentismo
1,indifferen
1,indice
1,indicava
1,independente
1,indecencia
1,incumbe
1,incorrec
1,inconveniencia
1,incontestavelmente
1,inconstante
1,inconquistados
1,inconcebivel
1,incompetente
1,incompativel
1,incommodar
1,incommodado
1,income
1,incognito
1,incluindo
1,inclina
1,incivilisavel
1,incidentalmente
1,inchado
1,incessantes
1,incendiou
1,incendiarios
1,incapaz
1,inaugura
1,inatravessaveis
1,inatacavel
1,inatacado
1,inanimados
1,inacreditavel
1,inaclimatados
1,inacessivel
1,impulsivo
1,imprudentes
1,improvisadores
1,impropria
1,imprimissem
1,imprevisto
1,imprevidencia
1,impresso
1,impressionou
1,impressionavel
1,impressionariam
1,impressionador
1,impressas
1,impressa
1,imprensas
1,impraticavel
1,impossiveis
1,importunas
1,importuna
1,importantes
1,importados
1,importado
1,importa
1,impopularidade
1,impondo
1,imploremos
1,impeto
1,impessoal
1,impertinentes
1,impermeavel
1,imperiosa
1,imperios
1,imperialismo
1,impere
1,imperceptiveis
1,imperadores
1,imperador
1,impera
1,impenetravel
1,impellindo
1,impelle
1,impediriam
1,impedil
1,impedem
1,imparcialidade
1,impacientes
1,impacientar
1,impaciencia
1,imp
1,immundos
1,immundicies
1,immundas
1,immunda
1,immortal
1,immoralidade
1,immobilisadas
1,immigrantes
1,immediata
1,imitada
1,imagine
1,imaginativa
1,imaginando
1,ilotas
1,illustres
1,illustrar
1,illusorio
1,illudir
1,ilharga
1,iguala
1,ignore
1,ignorancia
1,ignorados
1,ignora
1,ignominiosamente
1,ignominia
1,idiotas
1,idiota
1,idiomas
1,identicos
1,idealisa
1,idade
1,ida
1,ibis
1,iberica
1,hypoteca
1,hypocrisia
1,hymno
1,hydromel
1,hydraulicas
1,hydraulica
1,hydrabad
1,hyde
1,hurrahs
1,hurrah
1,hunting
1,humour
1,humoristico
1,humilhado
1,humilha
1,humildes
1,humidos
1,humido
1,humida
1,humbreiras
1,humanitario
1,hughenden
1,hote
1,hoste
1,horrorosa
1,horrores
1,horizonte
1,hontem
1,honrosa
1,honras
1,honrar
1,honram
1,honestas
1,honestamente
1,homunculo
1,homero
1,historico
1,historicas
1,historica
1,historiadores
1,hirtos
1,hippopotamo
1,himalaia
1,highlands
1,hidromel
1,hespanholas
1,hespanhol
1,hespanhoes
1,hespanh
1,hesitar
1,hesita
1,herva
1,heroicos
1,herkomer
1,heretico
1,hereditario
1,hereditariedade
1,herdeiros
1,herbert
1,heras
1,hera
1,her
1,hellenicos
1,helim
1,helena
1,hegel
1,hediondo
1,hediondas
1,hebreus
1,hebraicos
1,hebbidas
1,hasteavam
1,hartmann
1,harpas
1,harpa
1,harem
1,hapsburgos
1,hanover
1,han
1,hally
1,halitos
1,hajam
1,habituado
1,habitante
1,habitando
1,habitadas
1,habeis
1,guloso
1,guizot
1,guilherme
1,guias
1,guerreiros
1,guerreiro
1,guellas
1,guardava
1,guardas
1,guardanapo
1,guardados
1,grupos
1,grupo
1,grossos
1,grosseria
1,grosseiro
1,grossa
1,gritaria
1,grilhetas
1,griffith
1,gremio
1,grecia
1,graxa
1,gravesinhas
1,gravellote
1,gravata
1,gravadores
1,gratuitamente
1,grato
1,gratid
1,graphicos
1,graphicamente
1,granja
1,granizo
1,graniticas
1,grandiosos
1,granadeiros
1,gralhada
1,gradualmente
1,grado
1,grada
1,graal
1,gozemos
1,gozavam
1,gozava
1,gozando
1,goza
1,governavam
1,governava
1,governanta
1,governadores
1,governadas
1,govern
1,gourmet
1,gothicos
1,gothicas
1,gothica
1,gotas
1,gota
1,gostos
1,gosta
1,gosava
1,gosariamos
1,gosando
1,gosamos
1,gosam
1,gos
1,gorgetas
1,gorgeiar
1,gorduroso
1,golpes
1,golpe
1,golgotha
1,golfo
1,gola
1,god
1,glut
1,glossarios
1,glosando
1,gloriosos
1,gloriosas
1,gloriola
1,glorificaram
1,glorificado
1,girar
1,girando
1,ginevra
1,gin
1,gilpin
1,gil
1,gigante
1,gibraltrar
1,gibraltar
1,ghuetto
1,germanicus
1,germanica
1,germania
1,geril
1,gerais
1,geographia
1,gentlemen
1,gentis
1,genova
1,generoso
1,generos
1,genero
1,genericamente
1,generalissimo
1,generaes
1,gemidos
1,gemido
1,gellies
1,gelante
1,gazometros
1,gava
1,gatunice
1,gastou
1,gasto
1,gaste
1,gastando
1,gasse
1,garrafa
1,gargantas
1,garfo
1,gardenia
1,garantida
1,garantem
1,gara
1,gar
1,ganhou
1,ganhos
1,ganhara
1,ganh
1,gama
1,gam
1,galopes
1,galopava
1,galopar
1,gallicismo
1,galhofeiro
1,galerias
1,galas
1,galantes
1,gagueja
1,gafanhoto
1,gados
1,gador
1,gada
1,gabinete
1,g
1,futuras
1,furiosos
1,furias
1,furia
1,funesta
1,funeral
1,funeraes
1,fundisse
1,fundem
1,funccionar
1,func
1,fumos
1,fumoir
1,fumo
1,fumegante
1,fumegando
1,fumavam
1,fumara
1,fumar
1,fumando
1,fuma
1,fulminal
1,fulano
1,fugitivas
1,fugitiva
1,fugindo
1,frugalidade
1,fructos
1,frouxamente
1,frontes
1,fronteiras
1,frizante
1,frisados
1,frios
1,friamente
1,frescuras
1,frescura
1,fresco
1,frequentemente
1,frequente
1,frenesi
1,fremente
1,fraternidade
1,frasco
1,fraquezas
1,fraqueza
1,franco
1,francamente
1,fragor
1,frades
1,frade
1,fr
1,fossil
1,fortificou
1,fortificam
1,fortalezas
1,fornecidos
1,fornecia
1,fornecer
1,forne
1,fornalha
1,formulas
1,formular
1,formula
1,formigueiros
1,formigas
1,formidaveis
1,formavam
1,formava
1,formatos
1,formas
1,formando
1,formada
1,force
1,forca
1,fomentar
1,folheado
1,folhado
1,folha
1,foguete
1,fogueiras
1,fluidas
1,fluctuar
1,fluctuantes
1,floridos
1,florida
1,floresceu
1,floresce
1,florear
1,floreado
1,floras
1,flora
1,flirtation
1,flanellas
1,flanella
1,flammejante
1,fixar
1,fixa
1,fiscaliza
1,fiscalisando
1,firmamento
1,firam
1,fios
1,finn
1,finmente
1,finge
1,findou
1,findos
1,findas
1,findar
1,findando
1,finda
1,financeiro
1,financeiras
1,financeira
1,final
1,filinto
1,filhote
1,filhinho
1,filha
1,filaucias
1,filado
1,fila
1,figuram
1,figura
1,figur
1,fiel
1,fieis
1,fidji
1,fidelidade
1,ficticios
1,ficticio
1,ficticia
1,ficariamos
1,ficaram
1,ficando
1,fic
1,fiasco
1,fiacre
1,feudalmente
1,feudalismo
1,feudalidade
1,fetva
1,fetido
1,fetida
1,fetichista
1,festiva
1,fervilhando
1,ferver
1,ferros
1,ferreo
1,ferramenta
1,ferrabraz
1,ferozes
1,ferocidades
1,ferino
1,ferina
1,feridas
1,ferias
1,fere
1,feminina
1,fellahina
1,felizmente
1,felix
1,feld
1,fel
1,feitorias
1,feitio
1,feiticeiros
1,feios
1,feio
1,feias
1,feia
1,feerico
1,fecundo
1,fecundadora
1,fechavam
1,fecharam
1,fechados
1,fechadas
1,fecha
1,febris
1,febra
1,fealdade
1,faziamos
1,faziam
1,fazendeiro
1,fazemos
1,fazel
1,faxa
1,favorita
1,favoreceriam
1,faustosas
1,faustosa
1,fausto
1,faunos
1,faubourg
1,fatigando
1,fatigam
1,fatidico
1,father
1,fatalmente
1,fatalista
1,fataes
1,fastidiosas
1,fastidiosamente
1,fashion
1,fascinar
1,farrapo
1,farinha
1,faria
1,farei
1,fardo
1,fantasmas
1,fanfarronadas
1,fanfarronada
1,fanatismos
1,fanatica
1,faminto
1,familiares
1,faltou
1,falte
1,faltavam
1,faltava
1,faltaria
1,faltam
1,falsos
1,falsas
1,falsa
1,falo
1,fallidos
1,fallido
1,fallemos
1,fallei
1,fallava
1,fallado
1,falhava
1,falhar
1,falham
1,faiscantes
1,faiscante
1,faia
1,fagi
1,fado
1,fadinho
1,fada
1,faculdades
1,factos
1,facinoras
1,faces
1,facecias
1,facadinha
1,fabuloso
1,fabulosa
1,fabricas
1,exuberancia
1,extrema
1,extravagantes
1,extravagancias
1,extraordinaria
1,extractos
1,externa
1,exterminio
1,exterminando
1,exteriormente
1,exterior
1,expulsou
1,expulsando
1,expropria
1,exprimiu
1,expressos
1,expremido
1,expostos
1,exposi
1,explorar
1,exploradores
1,explorador
1,explora
1,explicavel
1,explical
1,explendores
1,explendor
1,expirava
1,expiram
1,experimentando
1,experimentado
1,expedidos
1,expansiva
1,expans
1,exotico
1,exodos
1,existiu
1,existisse
1,existido
1,existencias
1,exilio
1,exilasse
1,exigimos
1,exigia
1,exhalar
1,exhalando
1,exhala
1,exercicios
1,exercer
1,exemplos
1,exemplares
1,exegese
1,executava
1,executaria
1,execravel
1,exclusivo
1,exclusivismo
1,exclue
1,exclamou
1,excitou
1,excitando
1,excital
1,excessos
1,excessivamente
1,exceptuarmos
1,excentrica
1,excellencias
1,excellencia
1,excelente
1,excederia
1,examinar
1,exaltar
1,exalta
1,exalar
1,exageradas
1,exageradamente
1,exagerada
1,exagera
1,exactos
1,exacta
1,evoh
1,evitaram
1,evita
1,evidencia
1,evictions
1,eugenia
1,etherea
1,eterno
1,esvaziados
1,esvasiava
1,esvaido
1,esvae
1,estuque
1,estupidos
1,estufas
1,estufa
1,estudantes
1,estudados
1,estrophe
1,estrondear
1,estridor
1,estribos
1,estribilho
1,estremecem
1,estrellou
1,estrellas
1,estrella
1,estreito
1,estreitamente
1,estreia
1,estrategicos
1,estrategicas
1,estrategica
1,estrategia
1,estranhavel
1,estranhas
1,estragam
1,estraga
1,estradas
1,estonteia
1,estomago
1,estive
1,estirar
1,estirado
1,estio
1,esthetico
1,esterlinas
1,esterilidade
1,estereis
1,estendidos
1,estendida
1,estendiamos
1,estendia
1,estender
1,estatutos
1,estatua
1,estariam
1,estaria
1,estando
1,estalar
1,estalando
1,estalam
1,estagna
1,estaca
1,estabelecidos
1,estabeleceu
1,estabelecera
1,estabele
1,essenciais
1,esquerda
1,esquecido
1,esquecidas
1,esquece
1,esquartejava
1,esquartejados
1,espumou
1,espumante
1,espreitar
1,esposo
1,esporas
1,esponjas
1,espoliadoras
1,espolia
1,esplendores
1,esplendidamente
1,espirituosos
1,espirituosa
1,espingardas
1,espingarda
1,espiado
1,espesso
1,espessas
1,espessamente
1,espessa
1,esperavam
1,espera
1,espelunca
1,espelhos
1,especuladores
1,especuladora
1,especulador
1,especula
1,espectativa
1,espectaculosa
1,espectaculos
1,especiosas
1,especialmente
1,espavorida
1,espatifou
1,espantosa
1,espantava
1,espantaria
1,espantado
1,espalhava
1,espalham
1,espalhafato
1,espaldares
1,esmola
1,esmiu
1,esmeralda
1,esmague
1,esmagava
1,esmagado
1,esmagada
1,esmaga
1,esguio
1,esgar
1,esfregar
1,esfrega
1,esfrangalhados
1,esfalfasse
1,escutou
1,escutavam
1,escutava
1,escutaes
1,escuta
1,escuros
1,escurecendo
1,escura
1,escultura
1,esculpturaes
1,esculpida
1,escudeiros
1,escrupulosamente
1,escriptura
1,escriptos
1,escriptas
1,escriba
1,escrevo
1,escreviam
1,escrevente
1,escreve
1,escravo
1,escravisado
1,escravid
1,escravas
1,escrava
1,escorrer
1,escorre
1,escondidas
1,escondendo
1,escoltadas
1,escolho
1,escolhido
1,escolher
1,escolas
1,escocia
1,escoar
1,escoando
1,esclarecido
1,escavacar
1,escasso
1,escassa
1,escarpados
1,escarlates
1,escandalosos
1,escandaloso
1,escandalosas
1,escandalos
1,escandalo
1,escandalisados
1,escandalisa
1,escancara
1,escamas
1,escada
1,esbogalha
1,esbo
1,erros
1,errantes
1,errante
1,erigida
1,erguido
1,erguera
1,erga
1,eras
1,erard
1,equivoco
1,equivoca
1,equitativa
1,equiparavel
1,equipagens
1,equilibrio
1,equilibrar
1,equilibrado
1,episodica
1,episcopaes
1,epiderme
1,epico
1,epicas
1,ephemero
1,ephemeras
1,enxurro
1,enxovalhada
1,enxerguei
1,enxergas
1,enxadada
1,envolvendo
1,envolta
1,enviar
1,enviam
1,enviado
1,envergonhar
1,envergonhado
1,enverga
1,envelhecendo
1,enunciar
1,enumera
1,entulho
1,entristecia
1,entrincheirados
1,entrevistas
1,entrevista
1,entreverem
1,entreveem
1,entrevados
1,entretendo
1,entrela
1,entregal
1,entranhas
1,entr
1,entornando
1,entoam
1,entidades
1,enthusiasticas
1,enthusiastas
1,enterraram
1,enterrado
1,enternecimento
1,enternecido
1,enterneciam
1,entendimento
1,entendia
1,entendeu
1,entender
1,entendem
1,entendedor
1,entende
1,ensoberbece
1,ensanguentar
1,ensanguentada
1,ensaios
1,enrolado
1,enriquece
1,enredos
1,enredava
1,enredado
1,enlouquece
1,enlevo
1,enlevam
1,enleia
1,enleado
1,enla
1,engrossar
1,engrandecimento
1,engordando
1,engorda
1,england
1,engenhoso
1,engenhosa
1,engenhos
1,engenho
1,engenheiros
1,enganam
1,engana
1,enfurecida
1,enfrascado
1,enfeudada
1,enferrujado
1,enfeitado
1,enfarruscado
1,enervar
1,energicos
1,energico
1,energicas
1,eneida
1,enegrecida
1,endurecidos
1,endurecido
1,endividados
1,endividado
1,endireita
1,endeixa
1,encontrou
1,encontro
1,encontre
1,encontravam
1,encontraria
1,encontrando
1,encontrado
1,encontr
1,encommode
1,encommodativo
1,encolheu
1,enchiam
1,encheu
1,encerrando
1,encerra
1,encarregados
1,encarnava
1,encarcerar
1,encarcerando
1,encarar
1,encara
1,encar
1,encantadores
1,encantadoras
1,encantadora
1,encantada
1,encalhar
1,encaixado
1,en
1,empurrava
1,empreza
1,emprestou
1,emprestimo
1,empresta
1,emprehendidos
1,emprehendido
1,emprehendeu
1,emprehende
1,empregava
1,empregar
1,empregadotes
1,empregada
1,emprega
1,empolgou
1,empolgasse
1,empolada
1,empoando
1,empoado
1,emplumados
1,empinados
1,emphaticamente
1,emphase
1,empenho
1,empenhavam
1,empenhadas
1,empenachado
1,empanturrado
1,empallidecer
1,empallidecem
1,empalhados
1,empadas
1,emotiva
1,emir
1,eminentes
1,emigrar
1,embrutecido
1,embrulhado
1,embrulhada
1,embrulha
1,embroglio
1,emborca
1,embora
1,embezerrado
1,embebido
1,embarque
1,embaixador
1,embainhar
1,emaranhada
1,elysios
1,elysio
1,elucida
1,eloquentes
1,elogio
1,elmo
1,eliot
1,elevar
1,elevadas
1,elephante
1,eleitoral
1,eleita
1,elei
1,elegiacos
1,elegiaca
1,elas
1,elan
1,elaboram
1,eh
1,egualam
1,egoistas
1,egoista
1,effectuasse
1,editoras
1,editaes
1,edimburgo
1,edificios
1,edificio
1,edificantes
1,edificante
1,economizar
1,economistas
1,economisando
1,economicas
1,economicamente
1,economica
1,economias
1,echo
1,ecclesiasticos
1,ebria
1,dysenterias
1,dynastia
1,duvidoso
1,duvidar
1,durou
1,duradouro
1,duquezas
1,duqueza
1,duplos
1,duplo
1,duplicidade
1,ducados
1,duc
1,dublin
1,dre
1,dramaticas
1,drag
1,dr
1,doutrinario
1,douto
1,douradas
1,dou
1,dotar
1,dorso
1,dormita
1,dormia
1,dorado
1,dominios
1,domine
1,dominava
1,dominantes
1,dominam
1,dominados
1,domesticos
1,dolorosas
1,dolente
1,doidamente
1,dogmas
1,doentes
1,documento
1,docas
1,dobre
1,dizime
1,dizimam
1,dizimados
1,dizemos
1,divis
1,divirja
1,divinos
1,divinize
1,divinisar
1,divinisam
1,dividido
1,dividendos
1,divertindo
1,divertida
1,diverte
1,diu
1,ditoso
1,dito
1,distribuido
1,distribui
1,distribuem
1,distrahido
1,distrahe
1,distintivos
1,distinguir
1,distinguem
1,distinctas
1,disticos
1,distantes
1,disso
1,dissessem
1,dissesse
1,dissertando
1,disserem
1,dissens
1,disputando
1,disperso
1,dispersando
1,dispense
1,disformes
1,discutirem
1,discutem
1,discute
1,discursando
1,discipulos
1,disciplinadas
1,discernimento
1,dirigiram
1,dirigem
1,dirige
1,diremos
1,directoria
1,directo
1,direc
1,diplomaticos
1,diplomaticas
1,diplomatas
1,dinheiros
1,diminutos
1,diminuto
1,diminutivo
1,diminuta
1,diminue
1,diluvio
1,dilke
1,dilatou
1,dignos
1,dignar
1,digamos
1,difusas
1,difficultando
1,difficuldade
1,differen
1,dictadura
1,dickens
1,diccionario
1,diante
1,diamantes
1,diamante
1,diabos
1,diabolica
1,dezessete
1,dezenas
1,devoto
1,devotamente
1,devota
1,devoravam
1,devorar
1,devoradoras
1,devorado
1,devido
1,deveriam
1,devemos
1,devastadores
1,devassas
1,deusas
1,deusa
1,detritos
1,detraz
1,detestou
1,detestavam
1,detestal
1,detesta
1,determinasse
1,deteriore
1,deterioram
1,detalhar
1,desviava
1,desvelo
1,desuso
1,desusado
1,destruiria
1,destruidos
1,destruidas
1,destroe
1,destoava
1,destinal
1,destinado
1,destinadas
1,destinada
1,desterro
1,desterre
1,destaque
1,despropositou
1,desproporcionado
1,desproporcionadas
1,desprezivel
1,despreziveis
1,despreze
1,desprezando
1,despreza
1,despreso
1,desprendido
1,despotismos
1,despotismo
1,despojos
1,despezas
1,despertasse
1,despeitorada
1,despedida
1,despachos
1,despachava
1,desorganizados
1,desorganisado
1,desordenada
1,desordem
1,desnecessaria
1,desmoralisa
1,desmentisse
1,desmembrou
1,desmantellasse
1,desmantelaria
1,desmantelando
1,desmanchava
1,deslumbram
1,deslizando
1,desintelligencias
1,desinglezam
1,designava
1,deshonesto
1,desgostoso
1,desgosto
1,desfraldal
1,desfortuna
1,desforras
1,desfiladeiros
1,desfiladeiro
1,desfeiam
1,desfaz
1,desespero
1,desesperava
1,desesperadamente
1,desertos
1,deserta
1,desequilibrado
1,desenvolvimento
1,desenvolveu
1,desenvolverem
1,desenvolvendo
1,desentulhadas
1,desenterrando
1,desenrolando
1,desenrolado
1,desenredar
1,desenhista
1,desencadearam
1,desencadear
1,desempedrar
1,desembarques
1,desembarcou
1,desembarcaria
1,desembarcados
1,desembarca
1,desembara
1,desejou
1,desejavam
1,desejar
1,deseja
1,desdentado
1,desdenhar
1,desd
1,descrevia
1,descrevera
1,descrevem
1,descrevel
1,descredito
1,descortezes
1,descontentes
1,descontentar
1,descontentamentos
1,desconsoladoras
1,desconsolado
1,desconhecido
1,desconhecida
1,desconfiar
1,desconfiado
1,desconfiadas
1,desconfiada
1,desconfia
1,descomedidamente
1,descoberto
1,descoactar
1,descidos
1,descido
1,desceu
1,descera
1,descendentes
1,descaradamente
1,descantes
1,descahida
1,descabellada
1,desbragada
1,desbotados
1,desbotada
1,desastrosas
1,desastrosa
1,desarranjar
1,desapparecia
1,desapparecer
1,desapontamento
1,desapontadora
1,desapontada
1,desaperta
1,desamparados
1,desalmado
1,desafio
1,desacreditaram
1,desacreditado
1,desacredita
1,des
1,derviches
1,derrotado
1,derrota
1,derreados
1,derradeiro
1,derradeira
1,der
1,deputado
1,depositos
1,deposito
1,depositado
1,depor
1,deploraveis
1,dependencia
1,depende
1,denunciavam
1,dente
1,densidade
1,denotado
1,denominam
1,demosthenes
1,demonstra
1,demonio
1,demoliriam
1,democratica
1,democratas
1,democracias
1,demitisse
1,demiss
1,dellas
1,delirio
1,deliremos
1,deliciosas
1,delicia
1,delicados
1,delicado
1,delibera
1,delegou
1,dela
1,deixe
1,deixavam
1,deixava
1,deixassem
1,deitei
1,deitavam
1,degolava
1,degenera
1,definida
1,definhar
1,defendido
1,defendiam
1,defendia
1,defende
1,defeitos
1,defeito
1,dedo
1,dedicou
1,dedicar
1,dedicado
1,decotado
1,decotada
1,decorativo
1,decorativas
1,decorativa
1,decora
1,declararam
1,declarando
1,declaram
1,declarada
1,decidiu
1,decidindo
1,decidido
1,decide
1,decapitados
1,decadencia
1,debutaram
1,deboches
1,deboche
1,debilmente
1,debilital
1,debelado
1,debates
1,debatem
1,debandar
1,debandados
1,debaixo
1,david
1,darwin
1,darling
1,daremos
1,dandies
1,dance
1,damasco
1,dae
1,dados
1,czar
1,cyrillo
1,cynicos
1,cynicas
1,custo
1,custando
1,custam
1,curvou
1,curvava
1,curvar
1,curvados
1,curul
1,curto
1,curar
1,cura
1,cup
1,cunham
1,cunhado
1,cumprir
1,cumplicidade
1,cumplice
1,cultos
1,cultivavam
1,cultivar
1,cultiva
1,culpa
1,culo
1,culinarias
1,cujos
1,cujas
1,cuja
1,cuia
1,cubramos
1,cubata
1,ctica
1,cruzeiros
1,cruzavam
1,cruzando
1,crueza
1,crueldade
1,cromwell
1,crivar
1,critico
1,criterio
1,crim
1,crian
1,criados
1,criadores
1,criado
1,cresus
1,cresta
1,cresciam
1,crescer
1,cresce
1,crepes
1,credora
1,credor
1,creditos
1,creaturinha
1,creatura
1,crear
1,creancinhas
1,creadoras
1,creadas
1,cravejado
1,cravava
1,crasso
1,cozinha
1,cowes
1,covinha
1,covardemente
1,cotovellos
1,cotillon
1,coterie
1,cota
1,costume
1,costumado
1,cosido
1,cortina
1,corti
1,cortez
1,cortejavam
1,cortejasse
1,corte
1,corrilho
1,corridas
1,corrida
1,corriam
1,correu
1,correspondencia
1,correria
1,correra
1,correntes
1,correndo
1,correio
1,corredores
1,correcional
1,correame
1,corpora
1,coro
1,cork
1,cordealidade
1,cordas
1,corado
1,coquetismo
1,coptas
1,copioso
1,copio
1,copiados
1,copia
1,convulsivo
1,convidou
1,convidativo
1,convidando
1,convidados
1,convertido
1,convertia
1,conversou
1,converse
1,conversazioni
1,conversam
1,conversa
1,convencional
1,convem
1,convalescente
1,controversias
1,contricto
1,contraste
1,contrapeso
1,contrahida
1,contradictorios
1,contradic
1,contractos
1,contrabalan
1,contou
1,contornos
1,continuo
1,continuemos
1,continue
1,continuarmos
1,continuam
1,continha
1,continentaes
1,contida
1,contestada
1,conter
1,contente
1,contentavam
1,contentasse
1,contentar
1,contentamento
1,contentado
1,contemporaneas
1,contemporaneamente
1,contemplavam
1,contemplarem
1,contemplar
1,contempla
1,contava
1,contarmos
1,contaminam
1,contado
1,contadas
1,contabilidade
1,consumou
1,consummada
1,consuma
1,consulados
1,consulado
1,construiu
1,construir
1,constitua
1,constella
1,constante
1,conspiram
1,consortes
1,consoladora
1,consinta
1,considerou
1,considero
1,considere
1,consideravelmente
1,consideravam
1,consideramol
1,consideram
1,consideral
1,conserve
1,conservadoras
1,conservadora
1,conservador
1,consequencia
1,consentiu
1,consentisse
1,consentiria
1,consente
1,conselheiro
1,conseguiriam
1,conseguir
1,conscienciosamente
1,consagradas
1,consagra
1,conquistasse
1,conquistas
1,conquistadora
1,conquistador
1,conquistada
1,conquista
1,connell
1,connaugth
1,conjunctas
1,coningsby
1,conhecimento
1,conhecidas
1,conhecer
1,conhecem
1,conheceis
1,conhe
1,congressistas
1,congress
1,confusa
1,confundir
1,confundido
1,confundia
1,confucio
1,confrange
1,confortavelmente
1,conflictos
1,confim
1,confiasse
1,confian
1,confiam
1,confiada
1,confessemos
1,confessar
1,confessando
1,conferentes
1,conduzindo
1,conduzem
1,conduz
1,condessa
1,condecora
1,cond
1,concorriam
1,concorrera
1,concordaram
1,concluo
1,concilio
1,concidad
1,concertos
1,concertassem
1,concentrado
1,concentrada
1,concentra
1,concentr
1,conceitos
1,concedeu
1,concebe
1,concavidades
1,comte
1,comtanto
1,compuzessem
1,compunham
1,compte
1,comprovada
1,comprou
1,compromissos
1,compromettida
1,comprimento
1,compridos
1,compridas
1,comprehensivel
1,comprehendido
1,comprehendida
1,comprehendia
1,comprehenderem
1,comprehendemos
1,comprava
1,compraram
1,compradas
1,compostura
1,composto
1,comportou
1,comportavam
1,comportar
1,comportam
1,comporta
1,compor
1,compondo
1,complexos
1,completo
1,complete
1,completar
1,completam
1,completa
1,compendios
1,compassiva
1,comparados
1,comparado
1,comparada
1,companhias
1,companhia
1,companheiro
1,compaix
1,compactos
1,compactas
1,compacta
1,communidades
1,communicar
1,commum
1,commovida
1,commissariado
1,commiss
1,commettendo
1,commerciais
1,commentariam
1,commentar
1,commemoraram
1,commemora
1,commedida
1,commando
1,commandando
1,commandada
1,comidas
1,comico
1,comicios
1,comicas
1,comica
1,cometteram
1,cometeu
1,comentarios
1,comedias
1,comboyos
1,combinando
1,combinadas
1,combina
1,combatendo
1,comatosa
1,coluna
1,columna
1,colubrinas
1,colossaes
1,coloniaes
1,colmo
1,collocou
1,collocar
1,collo
1,colligindo
1,collige
1,collete
1,colleccionando
1,collarinho
1,collados
1,collabor
1,colhia
1,colher
1,colhe
1,colbert
1,coitado
1,coimbra
1,cohortes
1,cohorte
1,cohes
1,cognac
1,cofres
1,cofia
1,cocheiros
1,cocheira
1,cobro
1,cobriu
1,cobrindo
1,cobrem
1,cobi
1,coberto
1,cobertas
1,coarctando
1,coando
1,co
1,climas
1,clientella
1,cleopatra
1,clementine
1,clemencia
1,claustros
1,classicas
1,classica
1,clarendon
1,claras
1,clamor
1,civis
1,civilizada
1,civilisados
1,civilisada
1,citou
1,citam
1,cirurgi
1,circumstancia
1,circulo
1,circula
1,cios
1,cinzel
1,cinzas
1,cimitarras
1,cifra
1,cidadellas
1,cidadella
1,cidadelas
1,cicatrizal
1,chufa
1,chu
1,chronicas
1,christos
1,christianismo
1,choubra
1,choravam
1,chorava
1,chorando
1,chorado
1,chora
1,chopin
1,chocava
1,choca
1,cho
1,china
1,chimericas
1,chimeras
1,chili
1,chicotadas
1,chibouk
1,cheiro
1,chegavam
1,chegasse
1,chegando
1,chegamos
1,che
1,chavenas
1,chateaux
1,chateau
1,charles
1,charlat
1,charivari
1,chardron
1,chapeleira
1,chaos
1,champanhe
1,chamo
1,chammas
1,chame
1,chambre
1,chamberlain
1,chamavam
1,chamar
1,chamados
1,chair
1,chaga
1,chafurdava
1,chacara
1,ceyl
1,ceus
1,cesto
1,cessassem
1,cessa
1,cervejarias
1,cerradas
1,ceres
1,ceremoniaes
1,cerebro
1,cercam
1,cercada
1,centuri
1,centos
1,centenario
1,celtico
1,celtica
1,cella
1,celebridades
1,celebrem
1,celebravam
1,celebrassem
1,celebraram
1,celebrar
1,celebrando
1,celebra
1,ceifador
1,ceiar
1,cedeu
1,ceder
1,cedendo
1,cearas
1,ce
1,cavernas
1,caveiras
1,cavallgada
1,cavallari
1,cavalheiro
1,cavalgada
1,cavaleiros
1,cavaco
1,cautela
1,causavam
1,causaram
1,causar
1,caudalosos
1,caucaso
1,catre
1,catholicos
1,catholicas
1,cataractas
1,cataclysmo
1,casual
1,castigaste
1,castell
1,casquete
1,casou
1,casmurros
1,casmurro
1,caseiros
1,caseira
1,casar
1,casamentos
1,casam
1,casada
1,carvalhos
1,carvalheiras
1,carteiro
1,carro
1,carrej
1,carregados
1,carregada
1,carrancudos
1,carrancuda
1,carnificinas
1,carneirinhos
1,carlyle
1,carlisle
1,caritativas
1,caridades
1,caricaturistas
1,cargos
1,carga
1,careira
1,cardeal
1,caravanas
1,caracteristico
1,caracteristica
1,caracterisado
1,caracoes
1,carac
1,carabinas
1,carabina
1,cara
1,car
1,capuz
1,captivar
1,captivantes
1,caprinos
1,capote
1,capell
1,capciosamente
1,capazes
1,capacetes
1,capacete
1,capa
1,cantos
1,canticos
1,cantico
1,canterbury
1,cantante
1,cantado
1,canhoneiras
1,canga
1,candieiro
1,candidamente
1,candelabro
1,canaille
1,camponezas
1,campanhas
1,camisolas
1,camisas
1,caminhe
1,camelice
1,cambronne
1,cambalhota
1,camas
1,camadas
1,cama
1,cam
1,calvario
1,calor
1,calmo
1,calmas
1,calmar
1,califas
1,calidos
1,calhama
1,calendario
1,calemo
1,calembourgs
1,caleches
1,calcanhar
1,calar
1,calando
1,calado
1,cala
1,caixas
1,caixa
1,cahos
1,cahira
1,cahiam
1,cahe
1,cafraria
1,cafesaes
1,caduco
1,caducas
1,cadis
1,cacilhas
1,cachimba
1,cacetes
1,cacetada
1,cabras
1,cabral
1,cabello
1,cabanas
1,byron
1,buzina
1,busto
1,bush
1,buscar
1,busca
1,burro
1,burriqueiro
1,burocraticas
1,burguezias
1,burguezes
1,burguez
1,burgo
1,burglary
1,bureis
1,buracos
1,buraco
1,bungal
1,bugio
1,buenos
1,buddhico
1,buddha
1,bu
1,bruxoleando
1,brutus
1,brutamontes
1,brutalidades
1,brusca
1,broquel
1,bronchite
1,brochuras
1,broceliande
1,brocado
1,british
1,britannizando
1,britannicos
1,brilham
1,brilha
1,brigth
1,bright
1,breves
1,breton
1,brechas
1,braziliensi
1,braza
1,bravura
1,branquejavam
1,brandy
1,branda
1,brancura
1,bramar
1,bragal
1,brados
1,bradaram
1,bradar
1,bradam
1,brada
1,bracinhos
1,boudoir
1,botoeira
1,botins
1,botequim
1,bota
1,borrasca
1,borracho
1,bordeus
1,bordados
1,bordado
1,bordadas
1,borda
1,bord
1,bonitos
1,bonita
1,bondoso
1,bondade
1,bombas
1,bolos
1,boliviano
1,bolacha
1,boeres
1,bodes
1,bochechas
1,bochecha
1,boceta
1,bocejassem
1,bocejar
1,boceja
1,bocas
1,bocados
1,bloco
1,blanc
1,blagu
1,blackburn
1,black
1,binoculo
1,bilhete
1,bigodes
1,bicos
1,bibliothecas
1,bibliographicas
1,bibliografia
1,beyrouth
1,beware
1,bethlem
1,besuntal
1,berros
1,berra
1,ber
1,benevolos
1,benevolencia
1,belo
1,bellicosos
1,belgrave
1,belfast
1,beleguins
1,belas
1,bel
1,beijar
1,beijamos
1,beija
1,bei
1,beduinos
1,beduina
1,bebido
1,bebi
1,bebem
1,bebel
1,bebados
1,beatitude
1,bayonetas
1,bayoneta
1,batuque
1,bats
1,batinas
1,batido
1,batida
1,batia
1,batendo
1,bate
1,batatas
1,batata
1,batam
1,batalhadores
1,batalh
1,bastidores
1,bastar
1,bastante
1,bassin
1,basofia
1,baseado
1,barytono
1,barril
1,barrigton
1,barriga
1,barrenta
1,barrac
1,barita
1,bardo
1,barcos
1,barco
1,barca
1,barbudo
1,barbaresco
1,barafunda
1,baptismal
1,banquetes
1,banqueteia
1,bank
1,banhos
1,banho
1,bandido
1,bandeirolas
1,bananeira
1,banalidade
1,bambochata
1,bambocha
1,balc
1,balbuciando
1,balbucia
1,bal
1,baixos
1,baixeza
1,baixellas
1,baixar
1,baixa
1,bainha
1,baila
1,bagatella
1,bagagem
1,badajoz
1,baculos
1,baculo
1,babylonia
1,babugens
1,babada
1,baba
1,azyle
1,azues
1,azincourt
1,azedam
1,azas
1,azambuja
1,ayres
1,avon
1,avistar
1,avisos
1,avisinham
1,avermelhando
1,aventureiro
1,avenida
1,ave
1,avara
1,avam
1,autos
1,autoridade
1,auto
1,austriacos
1,australiano
1,austero
1,ausentes
1,ausentavam
1,aureola
1,augusta
1,augmente
1,augmentar
1,audiencia
1,audacia
1,auctoriza
1,auctorisava
1,auctorisados
1,auctorisado
1,auctores
1,auctor
1,aturdido
1,aturdida
1,atulhando
1,atulhamol
1,atulhado
1,atulhada
1,attributos
1,attribuindo
1,attribue
1,attrahisse
1,attrahir
1,attrahia
1,attrahe
1,attestada
1,attenuar
1,attento
1,attentados
1,attenta
1,attendia
1,attender
1,atrozes
1,atrocidades
1,atribulado
1,atribue
1,atravessaram
1,atravessar
1,atravessando
1,atravessa
1,atravancado
1,atrapalha
1,atr
1,atoleiro
1,atolados
1,atmosphera
1,atirou
1,atirava
1,athmosfera
1,athleticos
1,atheneum
1,aterrorizando
1,aterro
1,aterrar
1,aterrados
1,atenuadas
1,aten
1,atavios
1,atarantar
1,atarantado
1,atar
1,atacar
1,atacado
1,atabafadas
1,asylo
1,astuto
1,astros
1,asthma
1,astarte
1,assyrios
1,assustam
1,assustadora
1,assustado
1,assustada
1,assusta
1,assucarado
1,assombrosa
1,assolando
1,assoladora
1,association
1,assistiram
1,assiste
1,assignava
1,assignando
1,assignam
1,assignado
1,assento
1,assentar
1,assentam
1,assenta
1,assaz
1,assava
1,assaltos
1,assalte
1,assado
1,aspasia
1,asiaticas
1,ascendencia
1,arya
1,arvoredos
1,arvore
1,artilhando
1,artifice
1,arterias
1,arruinar
1,arruinadora
1,arruamentos
1,arrombamento
1,arroios
1,arrogante
1,arrogancia
1,arrisca
1,arripiadora
1,arriaria
1,arrepio
1,arrepelou
1,arrenda
1,arremessae
1,arremessado
1,arremessa
1,arreios
1,arrega
1,arredores
1,arredondar
1,arredar
1,arrecadas
1,arrecadar
1,arrebatada
1,arrastou
1,arrasou
1,arrasadas
1,arranjou
1,arranjo
1,arranjando
1,arrancou
1,arranca
1,aromas
1,arnold
1,armazens
1,armava
1,armaram
1,armar
1,armam
1,armadura
1,armadas
1,arlincourt
1,aristocraticas
1,aristocratas
1,arinas
1,arido
1,argumentos
1,argumentar
1,argelia
1,arenoso
1,arenga
1,areal
1,ardor
1,ardido
1,ardeu
1,ardentes
1,ardentemente
1,archotes
1,archote
1,archipelago
1,archeologico
1,archaicos
1,arcebispo
1,arcas
1,arca
1,arbitrariedade
1,arbitra
1,aravel
1,aragonez
1,arabia
1,aquellas
1,aquele
1,aquela
1,aquecer
1,aquecendo
1,aquartelou
1,aquarella
1,apupos
1,aproximativas
1,aproveitava
1,aproveitar
1,aproveitando
1,aproveitam
1,aprovados
1,aprisco
1,apressavam
1,apressaram
1,apressar
1,apressa
1,apresentou
1,apresentava
1,apresentando
1,apresentam
1,apresentada
1,apreciados
1,aprecia
1,approxima
1,approvarem
1,approvar
1,approvador
1,approva
1,applicar
1,applicadas
1,applausos
1,applaudiu
1,applaudiam
1,appetite
1,appetecido
1,appetecida
1,appeteciam
1,appetecia
1,appetecem
1,appellou
1,appari
1,apparencias
1,apparelhos
1,apparecesse
1,apparatoso
1,apostrophes
1,apostolo
1,apostata
1,apossou
1,apossaram
1,apossando
1,apossam
1,apossa
1,apopletica
1,apontando
1,apontada
1,apollos
1,apoio
1,apoiados
1,apoderado
1,apocalypse
1,apinhando
1,apinham
1,apetite
1,apetecido
1,apertar
1,apertando
1,apertam
1,apertadas
1,apelar
1,apedrejam
1,apavorado
1,apavorada
1,aparadores
1,apagou
1,apagava
1,antiquario
1,antiphatico
1,antipatia
1,antipathia
1,anterior
1,antepassados
1,antecipada
1,antecedente
1,anoitecer
1,annunciou
1,annunciados
1,annunciado
1,annuncia
1,annullar
1,annotando
1,annexar
1,anneis
1,aniquilando
1,aniquilado
1,aninhados
1,animos
1,animo
1,animassem
1,animaes
1,animado
1,animada
1,anima
1,angling
1,anglicano
1,anecdota
1,andou
1,andava
1,andaram
1,andar
1,andaluzia
1,andaluza
1,andaluz
1,anda
1,ancorar
1,ancoradouro
1,ancorados
1,ancorada
1,anciedade
1,anci
1,anceia
1,anatomia
1,analyse
1,analysado
1,analogos
1,analistas
1,anafados
1,amuado
1,amplificam
1,amplid
1,ampla
1,amortisa
1,amoroso
1,amontoa
1,amol
1,amigo
1,amesquinham
1,ambigua
1,ambiente
1,ambicionava
1,ambicionar
1,ambas
1,amargo
1,amarello
1,amanuense
1,amante
1,amansa
1,amanheceu
1,amanh
1,amaneirado
1,amadurece
1,ama
1,alvares
1,aluga
1,altivo
1,altares
1,alpes
1,alonga
1,almirantado
1,alluvi
1,allumiada
1,alluindo
1,alludir
1,alludindo
1,allude
1,allucina
1,alliviou
1,alliviava
1,alliviam
1,allivia
1,allian
1,alliado
1,alliada
1,allegoricos
1,allegorica
1,allegorias
1,allegoria
1,alistaria
1,alinhavador
1,alimentou
1,alheias
1,alheia
1,algures
1,algibeiras
1,algibeira
1,alfinetes
1,alexandra
1,alegres
1,alegoria
1,ale
1,alde
1,alcool
1,alcan
1,alcacer
1,albuquerque
1,alberga
1,alastrava
1,alastrando
1,alargando
1,alargada
1,ajunte
1,ajuntamentos
1,ajudar
1,ajudantes
1,ajudam
1,ajudado
1,airoso
1,agulha
1,agudos
1,aguardente
1,aguadas
1,agu
1,agronomo
1,agricola
1,agrarios
1,agradecer
1,agradado
1,agosto
1,agonia
1,agitou
1,agitavam
1,agitados
1,agitado
1,agitada
1,aggress
1,aggravos
1,agenciadores
1,agenciador
1,agarrou
1,agarrar
1,agaloados
1,afroux
1,africano
1,africana
1,afogar
1,afogado
1,afinidades
1,afina
1,afghans
1,afghan
1,affronta
1,affonso
1,affluem
1,affei
1,affectarem
1,affectamos
1,afastou
1,afastando
1,afastado
1,aes
1,advogado
1,adversidade
1,adversario
1,advento
1,adunco
1,adquirirem
1,adquirem
1,adquire
1,adornos
1,adorno
1,adornados
1,adormentados
1,adormeceu
1,adoraveis
1,adorava
1,adoras
1,adoram
1,admoesta
1,admittiria
1,admittir
1,admittindo
1,admittidos
1,admitte
1,admirado
1,administrativas
1,administrativa
1,administrar
1,administradores
1,administrada
1,adjudicou
1,adiantem
1,adiante
1,adiantar
1,adiantamentos
1,adianta
1,adestrando
1,ademanes
1,adeante
1,adeantar
1,adeanta
1,adduzida
1,adaptada
1,acutilar
1,acudiu
1,acudir
1,actos
1,activo
1,acta
1,acrescentou
1,acrescentar
1,acreditam
1,acostumados
1,acostumada
1,acordar
1,aconselharam
1,aconselhar
1,aconselhadas
1,aconchega
1,acompanhavam
1,acocorados
1,acho
1,ache
1,acharem
1,acharam
1,achar
1,acham
1,acessorios
1,acenando
1,aceitada
1,aceita
1,accusando
1,accusada
1,accusa
1,accumulamos
1,accumulados
1,accumuladas
1,accumula
1,accrescimo
1,accrescia
1,accrescente
1,accommodar
1,acclamados
1,accessos
1,accessorios
1,accesso
1,accesos
1,accesas
1,accentuados
1,accentuado
1,accentua
1,accelera
1,acceitava
1,acampamentos
1,acampado
1,acalmou
1,acalmar
1,academy
1,academias
1,academia
1,acabou
1,acabava
1,abyssinia
1,abundancias
1,absurdas
1,absurdamente
1,abstracto
1,abstrac
1,absten
1,absorvem
1,absorve
1,absorp
1,abriu
1,abriria
1,abril
1,abrigar
1,abrazam
1,abrasados
1,abrasado
1,abrasadas
1,abracemo
1,abotoado
1,aborrecimento
1,abominava
1,abominando
1,abominam
1,abomina
1,abolisse
1,abertos
1,abertas
1,aben
1,abelhas
1,abbade
1,abasteceu
1,abarrotadas
1,abarrota
1,abandono
1,abandonar
1,abandonados
1,abandonado
1,abandona
1,abandon
1,abalo
1,abaixou
1,abafa
1,aba
